{
    "noiseKey": {
        "private": {
            "type": "Buffer",
            "data": "cOooMYsuNz6Vsife2eKEwbPJ+dlKpgWjvbtKpxmV2lU="
        },
        "public": {
            "type": "Buffer",
            "data": "ClP8ptFufwTyOcmvaF5BDoJwVSGkhVqvhHApYHkBQUk="
        }
    },
    "pairingEphemeralKeyPair": {
        "private": {
            "type": "Buffer",
            "data": "gDHAuT4bOAIdtWIhWBqyCVU9dJt7KSK32iQhBMH8PXA="
        },
        "public": {
            "type": "Buffer",
            "data": "Wo7AF9ik1RD14Za/5AGIxNTw2LJqRx6faosisrcMuDQ="
        }
    },
    "signedIdentityKey": {
        "private": {
            "type": "Buffer",
            "data": "2Fmp8ePpK9I7uwRSmoO8Ej6DJFFPyBTfCBU9wPAErnU="
        },
        "public": {
            "type": "Buffer",
            "data": "i33Hd/NrDBUs+CrhplCNXdczuuPVllyrrBzpPJyXR1w="
        }
    },
    "signedPreKey": {
        "keyPair": {
            "private": {
                "type": "Buffer",
                "data": "WM2xhRGnaZTKC9z4MEHBLnZeHe+X/CaqyHeeaiiVb1E="
            },
            "public": {
                "type": "Buffer",
                "data": "yv4Yrmi1qU/Ps+sZ6DbFAgI6NUqkrvqGRAmiMmhO8hE="
            }
        },
        "signature": {
            "type": "Buffer",
            "data": "OzkfSr2ySXyejFp1prceZx1EVF4z55PhrJx7okpmCZX7QeTYF1H5xal4OZ03jqodqB+0NCxDWbPSE5Ld0WTagw=="
        },
        "keyId": 1
    },
    "registrationId": 216,
    "advSecretKey": "ZnNFXf7qkqAeLf+so4HGWyZBFwGskJOeLgkwMZL0hS0=",
    "processedHistoryMessages": [
        {
            "key": {
                "remoteJid": "62859106963745@s.whatsapp.net",
                "fromMe": true,
                "id": "7ABFBACBD7F247E4DD7D22089C86981A"
            },
            "messageTimestamp": 1716536489
        },
        {
            "key": {
                "remoteJid": "62859106963745@s.whatsapp.net",
                "fromMe": true,
                "id": "72348B890B1F5162766DF20E476828FC"
            },
            "messageTimestamp": 1716536505
        },
        {
            "key": {
                "remoteJid": "62859106963745@s.whatsapp.net",
                "fromMe": true,
                "id": "16F4FA3AD5F6FBCA8E938FCE7D87D39F"
            },
            "messageTimestamp": 1716536525
        },
        {
            "key": {
                "remoteJid": "62859106963745@s.whatsapp.net",
                "fromMe": true,
                "id": "1850413342327F285196A598FC7EAB62"
            },
            "messageTimestamp": 1716536526
        },
        {
            "key": {
                "remoteJid": "62859106963745@s.whatsapp.net",
                "fromMe": true,
                "id": "EFD4E84E3FEB46B71CAFEB43F0D89CA3"
            },
            "messageTimestamp": 1716536527
        },
        {
            "key": {
                "remoteJid": "62859106963745@s.whatsapp.net",
                "fromMe": true,
                "id": "BA5CEBCBDF4AC3FEE41E2A7B1452A883"
            },
            "messageTimestamp": 1716536529
        }
    ],
    "nextPreKeyId": 32,
    "firstUnuploadedPreKeyId": 32,
    "accountSyncCounter": 1,
    "accountSettings": {
        "unarchiveChats": false
    },
    "deviceId": "vATzzJQZRuWY9QR81BEw7g",
    "phoneId": "ab604845-f816-47f4-812e-86feb3048e61",
    "identityId": {
        "type": "Buffer",
        "data": "NWjoLRNqnTT6bd/8wiI//BnGFHo="
    },
    "registered": true,
    "backupToken": {
        "type": "Buffer",
        "data": "IHsmlNG6/ICGCD7QKVJwHwwQIUo="
    },
    "registration": {},
    "pairingCode": "29KP4QFC",
    "me": {
        "id": "62859106963745:2@s.whatsapp.net",
        "name": "ARI BOT",
        "lid": "258935441334317:2@lid"
    },
    "account": {
        "details": "CI/j3KEGEJmJwbIGGAEgACgA",
        "accountSignatureKey": "rkiTRt8RCPFntCBppAvnHsmFXmojONoCY9m4H3O3pDQ=",
        "accountSignature": "+GtJItfe+TrPqOf8IqieSOmKNiGgnXpNOxEJLA5JaEyVgxnsmOslEk1pmd4Nl3s1uZ3L7I9sNAB7MNnSXYnjDw==",
        "deviceSignature": "nYdwqb3Y9siOYrH6FSbmBJ6ZPGIbj7ajX4bCqvozwQLCEpelcbyvLKMQVebkFWEyXs2f2R9CLDAyxzatOAANjA=="
    },
    "signalIdentities": [
        {
            "identifier": {
                "name": "62859106963745:2@s.whatsapp.net",
                "deviceId": 0
            },
            "identifierKey": {
                "type": "Buffer",
                "data": "Ba5Ik0bfEQjxZ7QgaaQL5x7JhV5qIzjaAmPZuB9zt6Q0"
            }
        }
    ],
    "platform": "smba",
    "lastAccountSyncTimestamp": 1716536527,
    "myAppStateKeyId": "AAAAALJ7"
}