{
  "users": {
    "918798308154@s.whatsapp.net": {
      "serialNumber": "0eae1af5145d445f4e7a69739aa2e971",
      "title": "Premium",
      "afkTime": -1,
      "badword": 0,
      "afkReason": "",
      "nick": "Oke",
      "premium": "true",
      "limit": 1000,
      "totalLimit": 0
    },
    "919366316018@s.whatsapp.net": {
      "serialNumber": "84a6d900b59ff9b86da982ae409f5973",
      "title": "Premium",
      "afkTime": -1,
      "badword": 0,
      "afkReason": "",
      "nick": "Oke",
      "premium": false,
      "limit": 1000,
      "totalLimit": 0
    },
    "6282278687542@s.whatsapp.net": {
      "serialNumber": "71144a233bc60d7c231ea95c3ce68210",
      "title": "Premium",
      "afkTime": -1,
      "badword": 0,
      "afkReason": "",
      "nick": "+62 822-7868-7542",
      "premium": "true",
      "limit": 1000,
      "totalLimit": 0
    },
    "923021614498@s.whatsapp.net": {
      "serialNumber": "12ba70388b0ed48c2857bad8386f2701",
      "title": "User",
      "afkTime": -1,
      "badword": 0,
      "afkReason": "",
      "nick": "Ali",
      "premium": false,
      "limit": 100,
      "totalLimit": 0
    },
    "6285789987714@s.whatsapp.net": {
      "serialNumber": "d5809041de4e65e40751a14f820734db",
      "title": "Premium",
      "afkTime": -1,
      "badword": 0,
      "afkReason": "",
      "nick": "maourafa",
      "premium": "true",
      "limit": 1000,
      "totalLimit": 0
    },
    "6283156440247@s.whatsapp.net": {
      "serialNumber": "ee8e6c010a375dd8c150a25b81590b0e",
      "title": "User",
      "afkTime": -1,
      "badword": 0,
      "afkReason": "",
      "nick": "Bramadya Fiqri",
      "premium": false,
      "limit": 100,
      "totalLimit": 0
    },
    "923496138762@s.whatsapp.net": {
      "serialNumber": "2236b2a31161fefb348fc024c4c44bf0",
      "title": "User",
      "afkTime": -1,
      "badword": 0,
      "afkReason": "",
      "nick": "ALI",
      "premium": false,
      "limit": 100,
      "totalLimit": 0
    },
    "6285896150336@s.whatsapp.net": {
      "serialNumber": "3eac4400755389ad9025b6acca9569e1",
      "title": "User",
      "afkTime": -1,
      "badword": 0,
      "afkReason": "",
      "nick": "Rachmad",
      "premium": false,
      "limit": 100,
      "totalLimit": 0
    },
    "6285600840034@s.whatsapp.net": {
      "serialNumber": "b2eac5ded0656ebe7c300bfad527aa88",
      "title": "User",
      "afkTime": -1,
      "badword": 0,
      "afkReason": "",
      "nick": "ghisawi",
      "premium": false,
      "limit": 100,
      "totalLimit": 0
    },
    "6283102264760@s.whatsapp.net": {
      "serialNumber": "c1fdc734d5717cff30d602a2f3999075",
      "title": "User",
      "afkTime": -1,
      "badword": 0,
      "afkReason": "",
      "nick": "LYYN",
      "premium": false,
      "limit": 100,
      "totalLimit": 0
    },
    "6285795084389@s.whatsapp.net": {
      "serialNumber": "773eacdf509be480b13190ce1697ad01",
      "title": "User",
      "afkTime": -1,
      "badword": 0,
      "afkReason": "",
      "nick": "(Cainnovel)Azah Amandah",
      "premium": false,
      "limit": 100,
      "totalLimit": 0
    },
    "6281261176315@s.whatsapp.net": {
      "serialNumber": "a9aa77162d4fbdf5d9345b611d8de785",
      "title": "User",
      "afkTime": -1,
      "badword": 0,
      "afkReason": "",
      "nick": "Hanszzr",
      "premium": false,
      "limit": 100,
      "totalLimit": 0
    },
    "62895422868794@s.whatsapp.net": {
      "serialNumber": "790ade1a6d4839983dc9f14adff24931",
      "title": "User",
      "afkTime": -1,
      "badword": 0,
      "afkReason": "",
      "nick": "PARHAN",
      "premium": false,
      "limit": 100,
      "totalLimit": 0
    },
    "6281270637349@s.whatsapp.net": {
      "serialNumber": "1948670a5b79a3c70f546de58d1d5bff",
      "title": "User",
      "afkTime": -1,
      "badword": 0,
      "afkReason": "",
      "nick": "Alif ا",
      "premium": false,
      "limit": 100,
      "totalLimit": 0
    },
    "6283873346848@s.whatsapp.net": {
      "serialNumber": "26937319158ca660b791a12408c4156b",
      "title": "User",
      "afkTime": -1,
      "badword": 0,
      "afkReason": "",
      "nick": "アリフ・アブドゥル・ガーニ",
      "premium": false,
      "limit": 100,
      "totalLimit": 0
    },
    "6283134606880@s.whatsapp.net": {
      "serialNumber": "b9e10e6aeacd75b5053816ed379dae6c",
      "title": "User",
      "afkTime": -1,
      "badword": 0,
      "afkReason": "",
      "nick": "EMA",
      "premium": false,
      "limit": 100,
      "totalLimit": 0
    },
    "628566526292@s.whatsapp.net": {
      "serialNumber": "2b910cb5a4cb204a81fb3d2c8d3b2239",
      "title": "User",
      "afkTime": -1,
      "badword": 0,
      "afkReason": "",
      "nick": "c",
      "premium": false,
      "limit": 100,
      "totalLimit": 0
    },
    "254794286079@s.whatsapp.net": {
      "serialNumber": "0264ad0a3b16c1ace36fbd76b87badad",
      "title": "User",
      "afkTime": -1,
      "badword": 0,
      "afkReason": "",
      "nick": "亗『ＧＥＥ』亗",
      "premium": false,
      "limit": 100,
      "totalLimit": 0
    },
    "595972980943@s.whatsapp.net": {
      "serialNumber": "fc2af7eb6ce63f0b8447b42dded57a9a",
      "title": "User",
      "afkTime": -1,
      "badword": 0,
      "afkReason": "",
      "nick": ".",
      "premium": false,
      "limit": 100,
      "totalLimit": 0
    },
    "6282338144250@s.whatsapp.net": {
      "serialNumber": "28dc9eb62e9fda8d1c15859afb57b1a0",
      "title": "User",
      "afkTime": -1,
      "badword": 0,
      "afkReason": "",
      "nick": "Sabishi People :v",
      "premium": false,
      "limit": 100,
      "totalLimit": 0
    },
    "6287879661307@s.whatsapp.net": {
      "serialNumber": "082336f9322e5dc86a81a67d83182d94",
      "title": "User",
      "afkTime": -1,
      "badword": 0,
      "afkReason": "",
      "nick": "Gojo",
      "premium": false,
      "limit": 100,
      "totalLimit": 0
    },
    "919572646078@s.whatsapp.net": {
      "serialNumber": "c42455f9310af663f25e08595ec2909e",
      "title": "User",
      "afkTime": -1,
      "badword": 0,
      "afkReason": "",
      "nick": "Saksham Shreyas",
      "premium": "false",
      "limit": 100,
      "totalLimit": 0
    },
    "6281586425955@s.whatsapp.net": {
      "serialNumber": "d6e4f0c7bb9773848fe548136e6f5d9f",
      "title": "User",
      "afkTime": -1,
      "badword": 0,
      "afkReason": "",
      "nick": "Pan",
      "premium": false,
      "limit": 100,
      "totalLimit": 0
    },
    "6281280396088@s.whatsapp.net": {
      "serialNumber": "7ffa146d7c091f41ca02ed9167c64efd",
      "title": "User",
      "afkTime": -1,
      "badword": 0,
      "afkReason": "",
      "nick": "Kiko",
      "premium": false,
      "limit": 100,
      "totalLimit": 0
    },
    "6288298797868@s.whatsapp.net": {
      "serialNumber": "9ed22a00b708cc015e954d2e87b26e05",
      "title": "User",
      "afkTime": -1,
      "badword": 0,
      "afkReason": "",
      "nick": ".",
      "premium": "false",
      "limit": 100,
      "totalLimit": 0
    },
    "6289501380936@s.whatsapp.net": {
      "serialNumber": "a7596dc4cc303af964b5a88042ea5df2",
      "title": "User",
      "afkTime": -1,
      "badword": 0,
      "afkReason": "",
      "nick": "Syafri Affandi",
      "premium": false,
      "limit": 100,
      "totalLimit": 0
    },
    "6288221678766@s.whatsapp.net": {
      "serialNumber": "b7e0768c15900a0fed51f407035fd6c4",
      "title": "User",
      "afkTime": -1,
      "badword": 0,
      "afkReason": "",
      "nick": "—Sanzy.",
      "premium": "false",
      "limit": 100,
      "totalLimit": 0
    },
    "6285174240912@s.whatsapp.net": {
      "serialNumber": "862c6b196f96be90493b0065e4efff63",
      "title": "User",
      "afkTime": -1,
      "badword": 0,
      "afkReason": "",
      "nick": "Yess",
      "premium": false,
      "limit": 100,
      "totalLimit": 0
    },
    "559885100613@s.whatsapp.net": {
      "serialNumber": "fa9813a9c8541e033644be0e8a54f278",
      "title": "User",
      "afkTime": -1,
      "badword": 0,
      "afkReason": "",
      "nick": "Sergiokkkk",
      "premium": "false",
      "limit": 100,
      "totalLimit": 0
    },
    "6289644307141@s.whatsapp.net": {
      "serialNumber": "a9ef2fc57ca30f0efa03786748fcaf51",
      "title": "User",
      "afkTime": -1,
      "badword": 0,
      "afkReason": "",
      "nick": "Ndre_",
      "premium": false,
      "limit": 100,
      "totalLimit": 0
    },
    "6281578384771@s.whatsapp.net": {
      "serialNumber": "acaccd24ecc1d058391b7d3b4435df22",
      "title": "User",
      "afkTime": -1,
      "badword": 0,
      "afkReason": "",
      "nick": "月",
      "premium": false,
      "limit": 100,
      "totalLimit": 0
    },
    "6287815183071@s.whatsapp.net": {
      "serialNumber": "fcef3a2e0d24cee93c765957641ee161",
      "title": "User",
      "afkTime": -1,
      "badword": 0,
      "afkReason": "",
      "nick": "Dzaki",
      "premium": false,
      "limit": 100,
      "totalLimit": 0
    },
    "62895342517744@s.whatsapp.net": {
      "serialNumber": "0945abf777c5a8a11abd9b32da73ccd7",
      "title": "User",
      "afkTime": -1,
      "badword": 0,
      "afkReason": "",
      "nick": "NABILI🗿",
      "premium": false,
      "limit": 100,
      "totalLimit": 0
    },
    "6285701242100@s.whatsapp.net": {
      "serialNumber": "cefa5b8a5f32ba8da1a397772b169aa9",
      "title": "User",
      "afkTime": -1,
      "badword": 0,
      "afkReason": "",
      "nick": "Ilham",
      "premium": false,
      "limit": 100,
      "totalLimit": 0
    },
    "6282184178911@s.whatsapp.net": {
      "serialNumber": "c8a94077d97dbe2b120b79b63a8e931f",
      "title": "User",
      "afkTime": -1,
      "badword": 0,
      "afkReason": "",
      "nick": "Aldo Pantjoro🤴🏻",
      "premium": false,
      "limit": 100,
      "totalLimit": 0
    },
    "6283856699207@s.whatsapp.net": {
      "serialNumber": "12c048064c69676992b44c4587e2e01a",
      "title": "User",
      "afkTime": -1,
      "badword": 0,
      "afkReason": "",
      "nick": "яαмσηєѕ נιgωαєη√",
      "premium": false,
      "limit": 100,
      "totalLimit": 0
    },
    "628877096920@s.whatsapp.net": {
      "serialNumber": "c0e3d3d28ce346f6f051dd35f917d473",
      "title": "User",
      "afkTime": -1,
      "badword": 0,
      "afkReason": "",
      "nick": "Pid",
      "premium": false,
      "limit": 100,
      "totalLimit": 0
    },
    "6283140312668@s.whatsapp.net": {
      "serialNumber": "b3a9e42afdb339bb7950f9245373c03b",
      "title": "User",
      "afkTime": -1,
      "badword": 0,
      "afkReason": "",
      "nick": "Call Me Al  ᮢᮡᮣᮁᮀᮂีัᮢᮡᮣᮁ ",
      "premium": false,
      "limit": 100,
      "totalLimit": 0
    },
    "6285789463787@s.whatsapp.net": {
      "serialNumber": "8eadf8c5e683599189056dee5a92d0ee",
      "title": "User",
      "afkTime": -1,
      "badword": 0,
      "afkReason": "",
      "nick": "puddingg",
      "premium": false,
      "limit": 100,
      "totalLimit": 0
    },
    "62882005118615@s.whatsapp.net": {
      "serialNumber": "89827a3c84c1f0d124afae603a74fc39",
      "title": "User",
      "afkTime": -1,
      "badword": 0,
      "afkReason": "",
      "nick": "Hotaro Oreki",
      "premium": "false",
      "limit": 100,
      "totalLimit": 0
    },
    "62887437708729@s.whatsapp.net": {
      "serialNumber": "5887eec68efb3092ff67b639847815ce",
      "title": "User",
      "afkTime": -1,
      "badword": 0,
      "afkReason": "",
      "nick": "Thiaca",
      "premium": false,
      "limit": 100,
      "totalLimit": 0
    },
    "6287823558326@s.whatsapp.net": {
      "serialNumber": "b634737a7f422298fb47f3f4d4ce597a",
      "title": "User",
      "afkTime": -1,
      "badword": 0,
      "afkReason": "",
      "nick": "Diaz",
      "premium": false,
      "limit": 100,
      "totalLimit": 0
    },
    "6285737472776@s.whatsapp.net": {
      "serialNumber": "a40795ef9c71552efe51c33625b28ec6",
      "title": "User",
      "afkTime": -1,
      "badword": 0,
      "afkReason": "",
      "nick": "Akuntefferala00",
      "premium": false,
      "limit": 100,
      "totalLimit": 0
    },
    "6289665756367@s.whatsapp.net": {
      "serialNumber": "09250ba0f38ac35cd637cfba7d62bd05",
      "title": "User",
      "afkTime": -1,
      "badword": 0,
      "afkReason": "",
      "nick": "Bimbim",
      "premium": false,
      "limit": 100,
      "totalLimit": 0
    },
    "6283841943145@s.whatsapp.net": {
      "serialNumber": "717b6f851f4acc46502c335083dc955f",
      "title": "User",
      "afkTime": -1,
      "badword": 0,
      "afkReason": "",
      "nick": "SyfulAnwr",
      "premium": false,
      "limit": 100,
      "totalLimit": 0
    },
    "6289676027373@s.whatsapp.net": {
      "serialNumber": "06c283804631b34129c5106ed3289652",
      "title": "User",
      "afkTime": -1,
      "badword": 0,
      "afkReason": "",
      "nick": "Sasageyo",
      "premium": false,
      "limit": 100,
      "totalLimit": 0
    },
    "62895384499772@s.whatsapp.net": {
      "serialNumber": "7ec3c7705eb3cb3ef5c710a5e3843de9",
      "title": "User",
      "afkTime": -1,
      "badword": 0,
      "afkReason": "",
      "nick": "Im Rangga",
      "premium": false,
      "limit": 100,
      "totalLimit": 0
    },
    "6282391015543@s.whatsapp.net": {
      "serialNumber": "9297ccc1ed6104045ba739e9b4c26dbc",
      "title": "User",
      "afkTime": -1,
      "badword": 0,
      "afkReason": "",
      "nick": "AL STORE",
      "premium": false,
      "limit": 100,
      "totalLimit": 0
    },
    "6281354440929@s.whatsapp.net": {
      "serialNumber": "29e17ed343be68008729962af0dc14bf",
      "title": "User",
      "afkTime": -1,
      "badword": 0,
      "afkReason": "",
      "nick": "N4b!L",
      "premium": false,
      "limit": 100,
      "totalLimit": 0
    },
    "94773401743@s.whatsapp.net": {
      "serialNumber": "121679649344ef0865277469d3f60c8e",
      "title": "User",
      "afkTime": -1,
      "badword": 0,
      "afkReason": "",
      "nick": "kavidu Tharaka",
      "premium": false,
      "limit": 100,
      "totalLimit": 0
    },
    "94768554750@s.whatsapp.net": {
      "serialNumber": "63d883ec72d36d87b6f09146c702401d",
      "title": "User",
      "afkTime": -1,
      "badword": 0,
      "afkReason": "",
      "nick": "dewmi bbh 💗",
      "premium": false,
      "limit": 100,
      "totalLimit": 0
    },
    "62881012132398@s.whatsapp.net": {
      "serialNumber": "4b1da63ca3f7f1db77ee958a383f5fe8",
      "title": "User",
      "afkTime": -1,
      "badword": 0,
      "afkReason": "",
      "nick": "Di Langit Malam",
      "premium": false,
      "limit": 100,
      "totalLimit": 0
    },
    "6283138869412@s.whatsapp.net": {
      "serialNumber": "a1f213bcdd205b212510588bf899394e",
      "title": "User",
      "afkTime": -1,
      "badword": 0,
      "afkReason": "",
      "nick": "Pixel.",
      "premium": false,
      "limit": 100,
      "totalLimit": 0
    },
    "62815151085751@s.whatsapp.net": {
      "serialNumber": "99a93d5b6ce1d0521ac18d5da3822e2d",
      "title": "User",
      "afkTime": -1,
      "badword": 0,
      "afkReason": "",
      "nick": "Furame",
      "premium": "false",
      "limit": 100,
      "totalLimit": 0
    },
    "6281366051535@s.whatsapp.net": {
      "serialNumber": "5076d346051641dae795d7b329b0f4c6",
      "title": "User",
      "afkTime": -1,
      "badword": 0,
      "afkReason": "",
      "nick": "Dicky",
      "premium": "false",
      "limit": 100,
      "totalLimit": 0
    },
    "6281333689583@s.whatsapp.net": {
      "serialNumber": "90dea7d861c95a7ec7341654df0570b8",
      "title": "User",
      "afkTime": -1,
      "badword": 0,
      "afkReason": "",
      "nick": "Vtr",
      "premium": false,
      "limit": 100,
      "totalLimit": 0
    },
    "6287758740023@s.whatsapp.net": {
      "serialNumber": "7ae17b45115c88c354759fa5176d2bd7",
      "title": "User",
      "afkTime": -1,
      "badword": 0,
      "afkReason": "",
      "nick": "ㅤㅤ",
      "premium": false,
      "limit": 100,
      "totalLimit": 0
    },
    "6282196612967@s.whatsapp.net": {
      "serialNumber": "640675fd3105edf86246db0897d7ca2d",
      "title": "User",
      "afkTime": -1,
      "badword": 0,
      "afkReason": "",
      "nick": ".",
      "premium": false,
      "limit": 100,
      "totalLimit": 0
    },
    "923331303262@s.whatsapp.net": {
      "serialNumber": "0f24d1fea62373e7b05db2f9ebede188",
      "title": "User",
      "afkTime": -1,
      "badword": 0,
      "afkReason": "",
      "nick": "༒☬𝙉𝘼𝙑𝙀𝙀𝘿ᵏʰᵃⁿ☬༒",
      "premium": "false",
      "limit": 100,
      "totalLimit": 0
    },
    "6283840909691@s.whatsapp.net": {
      "serialNumber": "ae92c11ddd1fd8c6b21e749e46cc6d89",
      "title": "User",
      "afkTime": -1,
      "badword": 0,
      "afkReason": "",
      "nick": "Admn",
      "premium": false,
      "limit": 100,
      "totalLimit": 0
    },
    "628989208464@s.whatsapp.net": {
      "serialNumber": "fdbd895c52fac5b91624116029a65a0b",
      "title": "User",
      "afkTime": -1,
      "badword": 0,
      "afkReason": "",
      "nick": ".",
      "premium": false,
      "limit": 100,
      "totalLimit": 0
    },
    "6283833578694@s.whatsapp.net": {
      "serialNumber": "855ee19b299c33aa10c4b68bd3b58cb1",
      "title": "User",
      "afkTime": -1,
      "badword": 0,
      "afkReason": "",
      "nick": "Irvandi Adit",
      "premium": false,
      "limit": 100,
      "totalLimit": 0
    },
    "6285172290182@s.whatsapp.net": {
      "serialNumber": "91b9822d9c9873c1d0cd13251e8ba963",
      "title": "User",
      "afkTime": -1,
      "badword": 0,
      "afkReason": "",
      "nick": "Rey",
      "premium": false,
      "limit": 100,
      "totalLimit": 0
    },
    "6283138295987@s.whatsapp.net": {
      "serialNumber": "3138b07eef32c8ea79f9f4204a94eade",
      "title": "User",
      "afkTime": -1,
      "badword": 0,
      "afkReason": "",
      "nick": "sayyid",
      "premium": "false",
      "limit": 100,
      "totalLimit": 0
    },
    "6281252979713@s.whatsapp.net": {
      "serialNumber": "2df2473ceefbb2303ceee2cd1158e930",
      "title": "User",
      "afkTime": -1,
      "badword": 0,
      "afkReason": "",
      "nick": "Dhaffa Lutfi",
      "premium": false,
      "limit": 100,
      "totalLimit": 0
    },
    "6285604719363@s.whatsapp.net": {
      "serialNumber": "7abc3ad56153b2d305560aa017fc1ad5",
      "title": "User",
      "afkTime": -1,
      "badword": 0,
      "afkReason": "",
      "nick": "Lexxa.",
      "premium": false,
      "limit": 100,
      "totalLimit": 0
    },
    "6282177272700@s.whatsapp.net": {
      "serialNumber": "b21539713534c9cb9f40a542a4f4bc70",
      "title": "User",
      "afkTime": -1,
      "badword": 0,
      "afkReason": "",
      "nick": "‎",
      "premium": "false",
      "limit": 100,
      "totalLimit": 0
    },
    "6287791961657@s.whatsapp.net": {
      "serialNumber": "c2cea8a0751d2b6d67766f9d02593c5a",
      "title": "User",
      "afkTime": -1,
      "badword": 0,
      "afkReason": "",
      "nick": "Xml10",
      "premium": false,
      "limit": 100,
      "totalLimit": 0
    },
    "6281264758700@s.whatsapp.net": {
      "serialNumber": "a4aeb6a88736aec8f4e577d8a01b7609",
      "title": "User",
      "afkTime": -1,
      "badword": 0,
      "afkReason": "",
      "nick": "%",
      "premium": false,
      "limit": 100,
      "totalLimit": 0
    },
    "6283152915166@s.whatsapp.net": {
      "serialNumber": "f6d2eca3e723d8dfbca55b6a7cf865f5",
      "title": "User",
      "afkTime": -1,
      "badword": 0,
      "afkReason": "",
      "nick": "Diw",
      "premium": false,
      "limit": 100,
      "totalLimit": 0
    },
    "6285730783387@s.whatsapp.net": {
      "serialNumber": "3128f24ad545b6d7e58e850b63b81824",
      "title": "User",
      "afkTime": -1,
      "badword": 0,
      "afkReason": "",
      "nick": "🐾Nakano_Ann_02🐾",
      "premium": false,
      "limit": 100,
      "totalLimit": 0
    },
    "6283103809379@s.whatsapp.net": {
      "serialNumber": "148eafc207aef4d6fa2f4ea27fda3ecc",
      "title": "User",
      "afkTime": -1,
      "badword": 0,
      "afkReason": "",
      "nick": "Heh",
      "premium": false,
      "limit": 100,
      "totalLimit": 0
    },
    "62895613293360@s.whatsapp.net": {
      "serialNumber": "ff096e1cff71928b7d54c3a91e727286",
      "title": "User",
      "afkTime": -1,
      "badword": 0,
      "afkReason": "",
      "nick": "Yogi nak beli alloy",
      "premium": false,
      "limit": 100,
      "totalLimit": 0
    },
    "254748524719@s.whatsapp.net": {
      "serialNumber": "883ace6ee0119aa1fb10d23d621474eb",
      "title": "User",
      "afkTime": -1,
      "badword": 0,
      "afkReason": "",
      "nick": "Keby",
      "premium": "false",
      "limit": 100,
      "totalLimit": 0
    },
    "628995759431@s.whatsapp.net": {
      "serialNumber": "6a2217bce5c45e058852ab6c13c8c761",
      "title": "User",
      "afkTime": -1,
      "badword": 0,
      "afkReason": "",
      "nick": "Iky Aja",
      "premium": false,
      "limit": 100,
      "totalLimit": 0
    },
    "6285859734480@s.whatsapp.net": {
      "serialNumber": "41ddd218519482ebc9f7e18530adc24a",
      "title": "User",
      "afkTime": -1,
      "badword": 0,
      "afkReason": "",
      "nick": "Kenpukul👊🏽😈",
      "premium": false,
      "limit": 100,
      "totalLimit": 0
    },
    "6283137361610@s.whatsapp.net": {
      "serialNumber": "ca0de7e19689b5c81441560f33fa42f9",
      "title": "User",
      "afkTime": -1,
      "badword": 0,
      "afkReason": "",
      "nick": "w",
      "premium": false,
      "limit": 100,
      "totalLimit": 0
    },
    "6281548233717@s.whatsapp.net": {
      "serialNumber": "22ce27de26d030f33d6512ebd682c820",
      "title": "User",
      "afkTime": -1,
      "badword": 0,
      "afkReason": "",
      "nick": "FARKHAN S.I.",
      "premium": false,
      "limit": 100,
      "totalLimit": 0
    },
    "6289620104095@s.whatsapp.net": {
      "serialNumber": "fbe3a84982dc4e6c091a95fac74c2107",
      "title": "User",
      "afkTime": -1,
      "badword": 0,
      "afkReason": "",
      "nick": "Akmal~~",
      "premium": false,
      "limit": 100,
      "totalLimit": 0
    },
    "6285843879714@s.whatsapp.net": {
      "serialNumber": "b13d93c33e1f95db437756969596dd1f",
      "title": "User",
      "afkTime": -1,
      "badword": 0,
      "afkReason": "",
      "nick": "lukasfirmansyah",
      "premium": false,
      "limit": 100,
      "totalLimit": 0
    },
    "6285789785429@s.whatsapp.net": {
      "serialNumber": "08cdeeb66d8f96c43857b14494330b41",
      "title": "User",
      "afkTime": -1,
      "badword": 0,
      "afkReason": "",
      "nick": "YI~Fan",
      "premium": false,
      "limit": 100,
      "totalLimit": 0
    },
    "62895388200050@s.whatsapp.net": {
      "serialNumber": "83002313010dc72f2ca7d2bae58f1893",
      "title": "User",
      "afkTime": -1,
      "badword": 0,
      "afkReason": "",
      "nick": "Fish Eye",
      "premium": false,
      "limit": 100,
      "totalLimit": 0
    },
    "62895335541318@s.whatsapp.net": {
      "serialNumber": "094e05135be5a402c3976873645eee98",
      "title": "User",
      "afkTime": -1,
      "badword": 0,
      "afkReason": "",
      "nick": "Mungkin Besok Kayaknya",
      "premium": false,
      "limit": 100,
      "totalLimit": 0
    },
    "6282115632396@s.whatsapp.net": {
      "serialNumber": "4bbfac0f27c700843b462dfd2fd2165f",
      "title": "User",
      "afkTime": -1,
      "badword": 0,
      "afkReason": "",
      "nick": "Brann",
      "premium": false,
      "limit": 100,
      "totalLimit": 0
    },
    "6287841480936@s.whatsapp.net": {
      "serialNumber": "3a0d44d9c79fe95b958ac5eeff1a534e",
      "title": "User",
      "afkTime": -1,
      "badword": 0,
      "afkReason": "",
      "nick": "Only Syaa",
      "premium": false,
      "limit": 100,
      "totalLimit": 0
    },
    "6287855497861@s.whatsapp.net": {
      "serialNumber": "ef8ef7e044abc820937551dabc6e396f",
      "title": "User",
      "afkTime": -1,
      "badword": 0,
      "afkReason": "",
      "nick": "Monn",
      "premium": false,
      "limit": 100,
      "totalLimit": 0
    },
    "62882006399914@s.whatsapp.net": {
      "serialNumber": "290b0f34e366157b525e4727f833b936",
      "title": "User",
      "afkTime": -1,
      "badword": 0,
      "afkReason": "",
      "nick": "Diki Bot🦖",
      "premium": "false",
      "limit": 100,
      "totalLimit": 0
    },
    "628811671086@s.whatsapp.net": {
      "serialNumber": "d767f3df51f9eec33ea21c07b95150f4",
      "title": "User",
      "afkTime": -1,
      "badword": 0,
      "afkReason": "",
      "nick": "BOT AGIL",
      "premium": false,
      "limit": 100,
      "totalLimit": 0
    },
    "62882016028615@s.whatsapp.net": {
      "serialNumber": "73288aab4ebceb5992a20d0ec7020403",
      "title": "User",
      "afkTime": -1,
      "badword": 0,
      "afkReason": "",
      "nick": "Bot Yzayu",
      "premium": false,
      "limit": 100,
      "totalLimit": 0
    },
    "6283164968297@s.whatsapp.net": {
      "serialNumber": "6bb7c981f65cd762d5b22ffd2a14d718",
      "title": "User",
      "afkTime": -1,
      "badword": 0,
      "afkReason": "",
      "nick": "『 RXB 』erica",
      "premium": false,
      "limit": 100,
      "totalLimit": 0
    },
    "254718382875@s.whatsapp.net": {
      "serialNumber": "f7cc31bfed688acbef6d87231ad2dc12",
      "title": "User",
      "afkTime": -1,
      "badword": 0,
      "afkReason": "",
      "nick": "~`~`~manos",
      "premium": false,
      "limit": 100,
      "totalLimit": 0
    },
    "6283869444940@s.whatsapp.net": {
      "serialNumber": "d2a8c24b4cad0e433fc5f289720976e7",
      "title": "User",
      "afkTime": -1,
      "badword": 0,
      "afkReason": "",
      "nick": "Asada Sinon",
      "premium": "false",
      "limit": 100,
      "totalLimit": 0
    },
    "6288215084127@s.whatsapp.net": {
      "serialNumber": "30d25d152746f75e2798715d8c06a0c7",
      "title": "User",
      "afkTime": -1,
      "badword": 0,
      "afkReason": "",
      "nick": "Vian",
      "premium": false,
      "limit": 100,
      "totalLimit": 0
    },
    "6283193977701@s.whatsapp.net": {
      "serialNumber": "07303a68ede764babbf6cf36a9569e13",
      "title": "User",
      "afkTime": -1,
      "badword": 0,
      "afkReason": "",
      "nick": "ɪʀ ɪᴋʏꜱʏᴘᴛʀᴀᴀ ×",
      "premium": false,
      "limit": 100,
      "totalLimit": 0
    },
    "6285174299982@s.whatsapp.net": {
      "serialNumber": "7487c214c9fe55a1b1cf9d2716098d79",
      "title": "User",
      "afkTime": -1,
      "badword": 0,
      "afkReason": "",
      "nick": "DènSxz Md",
      "premium": false,
      "limit": 100,
      "totalLimit": 0
    },
    "8801891578993@s.whatsapp.net": {
      "serialNumber": "be0535df468bc648678d4f146fdae46e",
      "title": "User",
      "afkTime": -1,
      "badword": 0,
      "afkReason": "",
      "nick": "SUNG~JIN WOO",
      "premium": "false",
      "limit": 100,
      "totalLimit": 0
    },
    "6287708781979@s.whatsapp.net": {
      "serialNumber": "8158c840ba5fb40ca53fa2a98410fe78",
      "title": "User",
      "afkTime": -1,
      "badword": 0,
      "afkReason": "",
      "nick": "~Wulan Dari",
      "premium": "false",
      "limit": 100,
      "totalLimit": 0
    },
    "6281928079404@s.whatsapp.net": {
      "serialNumber": "d8725494105b8c7385320629bee9ce9d",
      "title": "User",
      "afkTime": -1,
      "badword": 0,
      "afkReason": "",
      "nick": "𝘼𝘼•𝙿𝚁𝙾𝙹𝙴𝙲𝚃𝚂",
      "premium": false,
      "limit": 100,
      "totalLimit": 0
    },
    "62895605181846@s.whatsapp.net": {
      "serialNumber": "e31db6a4e5a2c2920b244064ffb3c65c",
      "title": "User",
      "afkTime": -1,
      "badword": 0,
      "afkReason": "",
      "nick": ".",
      "premium": false,
      "limit": 100,
      "totalLimit": 0
    },
    "6283821576246@s.whatsapp.net": {
      "serialNumber": "ec48957c59c7ece04b96605c1d498616",
      "title": "User",
      "afkTime": -1,
      "badword": 0,
      "afkReason": "",
      "nick": "BOT Brayy",
      "premium": "false",
      "limit": 100,
      "totalLimit": 0
    },
    "6281269774956@s.whatsapp.net": {
      "serialNumber": "73facc15ffb80f524eccfaca664f7105",
      "title": "User",
      "afkTime": -1,
      "badword": 0,
      "afkReason": "",
      "nick": "Vanzzz BOTZ",
      "premium": false,
      "limit": 100,
      "totalLimit": 0
    },
    "6282380133796@s.whatsapp.net": {
      "serialNumber": "a376c70b72f8685abe990d43b8e9669c",
      "title": "User",
      "afkTime": -1,
      "badword": 0,
      "afkReason": "",
      "nick": "Suzume",
      "premium": "false",
      "limit": 100,
      "totalLimit": 0
    },
    "255739406645@s.whatsapp.net": {
      "serialNumber": "4fcfa75d3747d79c785769e97f548387",
      "title": "User",
      "afkTime": -1,
      "badword": 0,
      "afkReason": "",
      "nick": "The Dark Entity",
      "premium": false,
      "limit": 100,
      "totalLimit": 0
    },
    "62838457591592@s.whatsapp.net": {
      "serialNumber": "28839fe48ff7f6ed1cc76fb4138bb3a8",
      "title": "User",
      "afkTime": -1,
      "badword": 0,
      "afkReason": "",
      "nick": "𝘚𝘌𝘞𝘈 𝘉𝘖𝘛? 𝘊𝘏𝘈𝘛 𝘗𝘙𝘐𝘉𝘈𝘋𝘐",
      "premium": "false",
      "limit": 100,
      "totalLimit": 0
    },
    "17793255225@s.whatsapp.net": {
      "serialNumber": "0f79827851c60799a749958cf6b56d9f",
      "title": "User",
      "afkTime": -1,
      "badword": 0,
      "afkReason": "",
      "nick": "const me RemZ",
      "premium": "false",
      "limit": 100,
      "totalLimit": 0
    },
    "923108605473@s.whatsapp.net": {
      "serialNumber": "c2e5efff8d174b950bd351dd2d4eb980",
      "title": "User",
      "afkTime": -1,
      "badword": 0,
      "afkReason": "",
      "nick": "⤫ 🅜🅐🅙🅞🅡 ⤬",
      "premium": false,
      "limit": 100,
      "totalLimit": 0
    },
    "62877876510960@s.whatsapp.net": {
      "serialNumber": "d417e493f1ea47fc735a57b0b7f65b24",
      "title": "User",
      "afkTime": -1,
      "badword": 0,
      "afkReason": "",
      "nick": "[BOT] Viel Desu ~",
      "premium": "false",
      "limit": 100,
      "totalLimit": 0
    },
    "62895393690039@s.whatsapp.net": {
      "serialNumber": "5b2b02031751bc73e8541f41968e5957",
      "title": "User",
      "afkTime": -1,
      "badword": 0,
      "afkReason": "",
      "nick": "Bot",
      "premium": false,
      "limit": 100,
      "totalLimit": 0
    },
    "237670507356@s.whatsapp.net": {
      "serialNumber": "b2a77f4a575f59df145d2d67450dbb0c",
      "title": "User",
      "afkTime": -1,
      "badword": 0,
      "afkReason": "",
      "nick": "̟🧸⃕⃞̶̏𝙇𝙊𝙂𝘼𝙉  🦅⃟𝘿𝙄𝙀𝙐𝙉𝙀𝘿𝙊𝙍𝙏",
      "premium": false,
      "limit": 100,
      "totalLimit": 0
    },
    "6285624629771@s.whatsapp.net": {
      "serialNumber": "158534b16b5007b8b080e35929b7cb07",
      "title": "User",
      "afkTime": -1,
      "badword": 0,
      "afkReason": "",
      "nick": "Ｈａｂｉｂ Aｎ.",
      "premium": false,
      "limit": 100,
      "totalLimit": 0
    },
    "6283128687029@s.whatsapp.net": {
      "serialNumber": "8a90a58c07c7b7b6b6be98dcfc0947c0",
      "title": "User",
      "afkTime": -1,
      "badword": 0,
      "afkReason": "",
      "nick": "Adminandikassh",
      "premium": false,
      "limit": 100,
      "totalLimit": 0
    },
    "6283161515627@s.whatsapp.net": {
      "serialNumber": "4dfb31e4356a41040bc379e9b217c14c",
      "title": "User",
      "afkTime": -1,
      "badword": 0,
      "afkReason": "",
      "nick": "universee",
      "premium": false,
      "limit": 100,
      "totalLimit": 0
    },
    "62859551658938@s.whatsapp.net": {
      "serialNumber": "e8c80341b63fe6d6546c779d5e832a70",
      "title": "User",
      "afkTime": -1,
      "badword": 0,
      "afkReason": "",
      "nick": "Tukang Tajong Member",
      "premium": false,
      "limit": 100,
      "totalLimit": 0
    },
    "6281356784220@s.whatsapp.net": {
      "serialNumber": "b1c932e89d80e7872c281e3e1a880778",
      "title": "User",
      "afkTime": -1,
      "badword": 0,
      "afkReason": "",
      "nick": "mybe",
      "premium": false,
      "limit": 100,
      "totalLimit": 0
    },
    "6283873502024@s.whatsapp.net": {
      "serialNumber": "7f70a46451cba7a9a2f9b95b1d3e68a8",
      "title": "User",
      "afkTime": -1,
      "badword": 0,
      "afkReason": "",
      "nick": "ɑׁׅ֮ժׁׅ݊ɑׁׅ֮",
      "premium": false,
      "limit": 100,
      "totalLimit": 0
    },
    "6283875121917@s.whatsapp.net": {
      "serialNumber": "8b8112d5271002568b692093c1078848",
      "title": "User",
      "afkTime": -1,
      "badword": 0,
      "afkReason": "",
      "nick": "Ndii Mhendra",
      "premium": false,
      "limit": 100,
      "totalLimit": 0
    },
    "6283818044706@s.whatsapp.net": {
      "serialNumber": "e3a61c21039a1d51b6bcad8264818b39",
      "title": "User",
      "afkTime": -1,
      "badword": 0,
      "afkReason": "",
      "nick": "Angkringan Mas Bram",
      "premium": false,
      "limit": 100,
      "totalLimit": 0
    },
    "6289525769021@s.whatsapp.net": {
      "serialNumber": "f283cadc29ea850f3c8927b68b78f4e2",
      "title": "User",
      "afkTime": -1,
      "badword": 0,
      "afkReason": "",
      "nick": "farraz",
      "premium": false,
      "limit": 100,
      "totalLimit": 0
    },
    "6285329979547@s.whatsapp.net": {
      "serialNumber": "5ff3b2a97610709db2ad1799548696ce",
      "title": "User",
      "afkTime": -1,
      "badword": 0,
      "afkReason": "",
      "nick": "Anna Leonhart",
      "premium": false,
      "limit": 100,
      "totalLimit": 0
    },
    "6281221921577@s.whatsapp.net": {
      "serialNumber": "6a5fb1b879cfc18b30a345b27d8ad514",
      "title": "User",
      "afkTime": -1,
      "badword": 0,
      "afkReason": "",
      "nick": "wLz",
      "premium": false,
      "limit": 100,
      "totalLimit": 0
    },
    "62895703138100@s.whatsapp.net": {
      "serialNumber": "1a2fbc963c0ebe6a6fcd522216c43a19",
      "title": "User",
      "afkTime": -1,
      "badword": 0,
      "afkReason": "",
      "nick": "~ C.",
      "premium": false,
      "limit": 100,
      "totalLimit": 0
    },
    "6282322553053@s.whatsapp.net": {
      "serialNumber": "8ad463aea5f7cb9c9316cec9bac3876f",
      "title": "User",
      "afkTime": -1,
      "badword": 0,
      "afkReason": "",
      "nick": "Ctra",
      "premium": false,
      "limit": 100,
      "totalLimit": 0
    },
    "6285348323073@s.whatsapp.net": {
      "serialNumber": "ea2806ce8c968422bcc46afa80e086af",
      "title": "User",
      "afkTime": -1,
      "badword": 0,
      "afkReason": "",
      "nick": "fr",
      "premium": "false",
      "limit": 100,
      "totalLimit": 0
    },
    "6283135533240@s.whatsapp.net": {
      "serialNumber": "14a3746128763bf2a25c63adf7a324d8",
      "title": "User",
      "afkTime": -1,
      "badword": 0,
      "afkReason": "",
      "nick": "FalfaDesu",
      "premium": "false",
      "limit": 100,
      "totalLimit": 0
    },
    "5217443345980@s.whatsapp.net": {
      "serialNumber": "1aad262c52e144f635bf6ae83c08bc53",
      "title": "User",
      "afkTime": -1,
      "badword": 0,
      "afkReason": "",
      "nick": "Nosper",
      "premium": false,
      "limit": 100,
      "totalLimit": 0
    },
    "6283119372750@s.whatsapp.net": {
      "serialNumber": "6aad4d1ae453aa0b2a708091c0ad447f",
      "title": "User",
      "afkTime": -1,
      "badword": 0,
      "afkReason": "",
      "nick": "Lhzz",
      "premium": false,
      "limit": 100,
      "totalLimit": 0
    },
    "62895329479458@s.whatsapp.net": {
      "serialNumber": "4a73b0b8c25e7ae58b55bccfb570c823",
      "title": "User",
      "afkTime": -1,
      "badword": 0,
      "afkReason": "",
      "nick": "Nourin Bot",
      "premium": "false",
      "limit": 100,
      "totalLimit": 0
    },
    "628981609354@s.whatsapp.net": {
      "serialNumber": "b263906125662104ce37a5eba67d10c1",
      "title": "User",
      "afkTime": -1,
      "badword": 0,
      "afkReason": "",
      "nick": "Frasz999🇧🇷",
      "premium": false,
      "limit": 100,
      "totalLimit": 0
    },
    "265884324460@s.whatsapp.net": {
      "serialNumber": "5167dc68220780c430a321b41bda75cf",
      "title": "User",
      "afkTime": -1,
      "badword": 0,
      "afkReason": "",
      "nick": "Austin Max",
      "premium": false,
      "limit": 100,
      "totalLimit": 0
    },
    "6285813439737@s.whatsapp.net": {
      "serialNumber": "124b3e65a055568e6b339e35ffead9cf",
      "title": "User",
      "afkTime": -1,
      "badword": 0,
      "afkReason": "",
      "nick": "HIMA",
      "premium": false,
      "limit": 100,
      "totalLimit": 0
    },
    "62882017207891@s.whatsapp.net": {
      "serialNumber": "2612594a1b3b647ce99c02580a306e4f",
      "title": "User",
      "afkTime": -1,
      "badword": 0,
      "afkReason": "",
      "nick": "Tomi",
      "premium": false,
      "limit": 100,
      "totalLimit": 0
    },
    "6285759690814@s.whatsapp.net": {
      "serialNumber": "a1cd200fef0154fe09ba05f57fcacd78",
      "title": "User",
      "afkTime": -1,
      "badword": 0,
      "afkReason": "",
      "nick": "Radit Yaziz",
      "premium": false,
      "limit": 100,
      "totalLimit": 0
    },
    "6281342632410@s.whatsapp.net": {
      "serialNumber": "cb5239afddc789906faa865040ba4d75",
      "title": "User",
      "afkTime": -1,
      "badword": 0,
      "afkReason": "",
      "nick": "~Rull",
      "premium": false,
      "limit": 100,
      "totalLimit": 0
    },
    "628970271050@s.whatsapp.net": {
      "serialNumber": "610788d97ad708d00482c07a839d796b",
      "title": "User",
      "afkTime": -1,
      "badword": 0,
      "afkReason": "",
      "nick": "Kroco Diam Saja",
      "premium": "false",
      "limit": 100,
      "totalLimit": 0
    },
    "6283122564204@s.whatsapp.net": {
      "serialNumber": "22eab22436a0f90cd1a60c9f5d5c1726",
      "title": "User",
      "afkTime": -1,
      "badword": 0,
      "afkReason": "",
      "nick": "I'm Not Happy",
      "premium": "false",
      "limit": 100,
      "totalLimit": 0
    },
    "6281283519988@s.whatsapp.net": {
      "serialNumber": "ee1d4be952deb4ead348bdd3b5cf60fd",
      "title": "User",
      "afkTime": -1,
      "badword": 0,
      "afkReason": "",
      "nick": "Fathih 12 PPLG 1",
      "premium": "false",
      "limit": 100,
      "totalLimit": 0
    },
    "2348160208114@s.whatsapp.net": {
      "serialNumber": "2b187530fcf4a6439cca23e88b71969f",
      "title": "User",
      "afkTime": -1,
      "badword": 0,
      "afkReason": "",
      "nick": "Clinton",
      "premium": false,
      "limit": 100,
      "totalLimit": 0
    },
    "6285776195208@s.whatsapp.net": {
      "serialNumber": "3ddfab4116b98d71cb681c712d62a5db",
      "title": "User",
      "afkTime": -1,
      "badword": 0,
      "afkReason": "",
      "nick": "black rock shooter",
      "premium": false,
      "limit": 100,
      "totalLimit": 0
    },
    "6281250608301@s.whatsapp.net": {
      "serialNumber": "39d878e9bad222cff2de2e255d66b5a4",
      "title": "User",
      "afkTime": -1,
      "badword": 0,
      "afkReason": "",
      "nick": "SYAAMQT",
      "premium": "false",
      "limit": 100,
      "totalLimit": 0
    },
    "2349161206740@s.whatsapp.net": {
      "serialNumber": "f4a7ccf1889051baee84a8a97a20f895",
      "title": "User",
      "afkTime": -1,
      "badword": 0,
      "afkReason": "",
      "nick": "✞❍𝕬𝖑𝖒𝖆𝖍𝖉𝖎❍✞",
      "premium": false,
      "limit": 100,
      "totalLimit": 0
    },
    "27799191911@s.whatsapp.net": {
      "serialNumber": "afc4fb337072f87bb0b2511ccbbe81a7",
      "title": "User",
      "afkTime": -1,
      "badword": 0,
      "afkReason": "",
      "nick": "NͪAͣBͨᵏꦃͤꦿͬ🧍🏾‍♂️➣⃟۝⃟⁩°💔",
      "premium": "false",
      "limit": 100,
      "totalLimit": 0
    },
    "6281269601678@s.whatsapp.net": {
      "serialNumber": "3b1e74f6eff96fd0780cda9da1688bf6",
      "title": "User",
      "afkTime": -1,
      "badword": 0,
      "afkReason": "",
      "nick": "bagusseptiansiregar1",
      "premium": false,
      "limit": 100,
      "totalLimit": 0
    },
    "6285854541363@s.whatsapp.net": {
      "serialNumber": "aa1c209daef9d1185b839a4ac717a50e",
      "title": "User",
      "afkTime": -1,
      "badword": 0,
      "afkReason": "",
      "nick": "Calonjenaza",
      "premium": false,
      "limit": 100,
      "totalLimit": 0
    },
    "6283134720921@s.whatsapp.net": {
      "serialNumber": "d26413e0eb88a414cb12639eccaa11a6",
      "title": "User",
      "afkTime": -1,
      "badword": 0,
      "afkReason": "",
      "nick": "Mr.Polos",
      "premium": false,
      "limit": 100,
      "totalLimit": 0
    },
    "62882148037717@s.whatsapp.net": {
      "serialNumber": "ee299bbdb4d160ddd98762d04b9dcc63",
      "title": "User",
      "afkTime": -1,
      "badword": 0,
      "afkReason": "",
      "nick": "ATAS FEMES",
      "premium": false,
      "limit": 100,
      "totalLimit": 0
    },
    "212601546815@s.whatsapp.net": {
      "serialNumber": "da9e3d9f36b2a4e3f11e0001bf23b0f2",
      "title": "User",
      "afkTime": -1,
      "badword": 0,
      "afkReason": "",
      "nick": "Oussama Masrour",
      "premium": false,
      "limit": 100,
      "totalLimit": 0
    },
    "94723655432@s.whatsapp.net": {
      "serialNumber": "1e6d4908d9754efe2a8e6ab115b76e56",
      "title": "User",
      "afkTime": -1,
      "badword": 0,
      "afkReason": "",
      "nick": ".",
      "premium": false,
      "limit": 100,
      "totalLimit": 0
    },
    "50940141783@s.whatsapp.net": {
      "serialNumber": "11e1fdc26761d081a3cedd06c7b9cf93",
      "title": "User",
      "afkTime": -1,
      "badword": 0,
      "afkReason": "",
      "nick": "|||𝐋𝐎𝐑𝐃_𝐇𝐀𝐄𝐍_𝐓𝐑𝐔𝐄_𝐁𝐎𝐈𝐈_𝐓𝐌𝐎|||",
      "premium": false,
      "limit": 100,
      "totalLimit": 0
    },
    "916297175943@s.whatsapp.net": {
      "serialNumber": "a017621df2fd426b485e25d5e2c88db9",
      "title": "User",
      "afkTime": -1,
      "badword": 0,
      "afkReason": "",
      "nick": "Kai...!!",
      "premium": false,
      "limit": 100,
      "totalLimit": 0
    },
    "923032536973@s.whatsapp.net": {
      "serialNumber": "e84b9fa58294b643f13f08a72706cdfd",
      "title": "User",
      "afkTime": -1,
      "badword": 0,
      "afkReason": "",
      "nick": "Madara Uchiha",
      "premium": false,
      "limit": 100,
      "totalLimit": 0
    },
    "905538834272@s.whatsapp.net": {
      "serialNumber": "e4faa462631141709f7687461fbada30",
      "title": "User",
      "afkTime": -1,
      "badword": 0,
      "afkReason": "",
      "nick": "Laçin Eke",
      "premium": false,
      "limit": 100,
      "totalLimit": 0
    },
    "6287795575267@s.whatsapp.net": {
      "serialNumber": "e8bf8cff8c597d6ac6a97ce88852ced5",
      "title": "User",
      "afkTime": -1,
      "badword": 0,
      "afkReason": "",
      "nick": "Yay",
      "premium": "false",
      "limit": 100,
      "totalLimit": 0
    },
    "51997908042@s.whatsapp.net": {
      "serialNumber": "87940d727d31c84b54812eaeb5d60dcb",
      "title": "User",
      "afkTime": -1,
      "badword": 0,
      "afkReason": "",
      "nick": "Migue〽️",
      "premium": false,
      "limit": 100,
      "totalLimit": 0
    },
    "6281266745578@s.whatsapp.net": {
      "serialNumber": "917a34f2775298b9e60f56057f675e84",
      "title": "User",
      "afkTime": -1,
      "badword": 0,
      "afkReason": "",
      "nick": "BOT BRAYY",
      "premium": false,
      "limit": 100,
      "totalLimit": 0
    },
    "94771227821@s.whatsapp.net": {
      "serialNumber": "bd75127d7cb35cfb383094c876c3d122",
      "title": "User",
      "afkTime": -1,
      "badword": 0,
      "afkReason": "",
      "nick": "Mazo International",
      "premium": false,
      "limit": 100,
      "totalLimit": 0
    },
    "923136480034@s.whatsapp.net": {
      "serialNumber": "9aea1011d72cce48da6d3db623e30044",
      "title": "User",
      "afkTime": -1,
      "badword": 0,
      "afkReason": "",
      "nick": "M ARSLAN",
      "premium": "false",
      "limit": 100,
      "totalLimit": 0
    },
    "94789481495@s.whatsapp.net": {
      "serialNumber": "7585cda8f156e7dd7e2ecabfede55158",
      "title": "User",
      "afkTime": -1,
      "badword": 0,
      "afkReason": "",
      "nick": "𝙼𝙰𝙰𝚉𝙸𝙽_𝙺𝙸𝙽𝙶_🐼🍃",
      "premium": false,
      "limit": 100,
      "totalLimit": 0
    },
    "923436807503@s.whatsapp.net": {
      "serialNumber": "e8deb963e7c87da6246e90cf3999ebf6",
      "title": "User",
      "afkTime": -1,
      "badword": 0,
      "afkReason": "",
      "nick": "Ch Hassan",
      "premium": false,
      "limit": 100,
      "totalLimit": 0
    },
    "6283849428958@s.whatsapp.net": {
      "serialNumber": "c88511f7ce81b079ab8bfe8a7b4c2d45",
      "title": "User",
      "afkTime": -1,
      "badword": 0,
      "afkReason": "",
      "nick": "Renn",
      "premium": "false",
      "limit": 100,
      "totalLimit": 0
    },
    "919174493135@s.whatsapp.net": {
      "serialNumber": "1aaec2b0d91e3358338348e9b9d76f76",
      "title": "User",
      "afkTime": -1,
      "badword": 0,
      "afkReason": "",
      "nick": "𓆩♡ᷡ⃟͜ɳσႦι𓆪🐈‍⬛...",
      "premium": "false",
      "limit": 100,
      "totalLimit": 0
    },
    "51927886286@s.whatsapp.net": {
      "serialNumber": "8e480ad8bfc45678ac4265ecabc855e0",
      "title": "User",
      "afkTime": -1,
      "badword": 0,
      "afkReason": "",
      "nick": "ܝ𝘄𝘄𝘄.sayda ִֶָ ࣪.᠗≀🌷˖࣪",
      "premium": false,
      "limit": 100,
      "totalLimit": 0
    },
    "6283877705905@s.whatsapp.net": {
      "serialNumber": "d07133561fac74591e24883d291a68c3",
      "title": "User",
      "afkTime": -1,
      "badword": 0,
      "afkReason": "",
      "nick": "Kei Team",
      "premium": false,
      "limit": 100,
      "totalLimit": 0
    },
    "212604224564@s.whatsapp.net": {
      "serialNumber": "fa84ccdb1a9ffa2620301975cfe2b7b1",
      "title": "User",
      "afkTime": -1,
      "badword": 0,
      "afkReason": "",
      "nick": "exe",
      "premium": "false",
      "limit": 100,
      "totalLimit": 0
    },
    "6285936658932@s.whatsapp.net": {
      "serialNumber": "f67f70e0e05e852f209b3b94b483e32e",
      "title": "User",
      "afkTime": -1,
      "badword": 0,
      "afkReason": "",
      "nick": "KANEMOTO YOSHINORI",
      "premium": false,
      "limit": 100,
      "totalLimit": 0
    },
    "6285141213979@s.whatsapp.net": {
      "serialNumber": "6319c2c5653f0043ca46335ec3cdab65",
      "title": "User",
      "afkTime": -1,
      "badword": 0,
      "afkReason": "",
      "nick": "Laika",
      "premium": false,
      "limit": 100,
      "totalLimit": 0
    },
    "62895332111099@s.whatsapp.net": {
      "serialNumber": "edcbd3b62054c908175b84b6cdd71804",
      "title": "User",
      "afkTime": -1,
      "badword": 0,
      "afkReason": "",
      "nick": "D̶͔̭̪̻I̍̅̀̎̊D̶͔̭̪̻I̍̅̀̎̊T̨͈͗̌ͥ A̷͙ͭͫ̕T̨͈͗̌ͥT̨͈͗̌ͥA̷͙ͭͫ̕C̵͉͋̔͞K͕͓͌̎̾Ḛͭ̉̇͟R͡",
      "premium": false,
      "limit": 100,
      "totalLimit": 0
    },
    "94722922298@s.whatsapp.net": {
      "serialNumber": "6e5bd6a1dcb47eefb799240d9364bafd",
      "title": "User",
      "afkTime": -1,
      "badword": 0,
      "afkReason": "",
      "nick": "GAR Art Gallery",
      "premium": "false",
      "limit": 100,
      "totalLimit": 0
    },
    "6289637705906@s.whatsapp.net": {
      "serialNumber": "ffbd3e123d4d40ff06560c0dfa71e276",
      "title": "User",
      "afkTime": -1,
      "badword": 0,
      "afkReason": "",
      "nick": "EmuEXCTD",
      "premium": false,
      "limit": 100,
      "totalLimit": 0
    },
    "6281215619214@s.whatsapp.net": {
      "serialNumber": "4c4a17bc8bbf9ea0119a3ed0f33425b4",
      "title": "User",
      "afkTime": -1,
      "badword": 0,
      "afkReason": "",
      "nick": "_ LxHANIGAME _",
      "premium": false,
      "limit": 100,
      "totalLimit": 0
    },
    "6285934813959@s.whatsapp.net": {
      "serialNumber": "f13d149f92b2a9321bbe1845801f13fc",
      "title": "User",
      "afkTime": -1,
      "badword": 0,
      "afkReason": "",
      "nick": "~ B0TZ - MORITAKA",
      "premium": false,
      "limit": 100,
      "totalLimit": 0
    },
    "6289635330007@s.whatsapp.net": {
      "serialNumber": "bdaf9300ece1ac4e2f2ce70848ea4fcd",
      "title": "User",
      "afkTime": -1,
      "badword": 0,
      "afkReason": "",
      "nick": "V~",
      "premium": false,
      "limit": 100,
      "totalLimit": 0
    },
    "233208237504@s.whatsapp.net": {
      "serialNumber": "579c3ab38744e4a19e76f4d94e0b2458",
      "title": "User",
      "afkTime": -1,
      "badword": 0,
      "afkReason": "",
      "nick": "PHYSICS⚛️☢️",
      "premium": false,
      "limit": 100,
      "totalLimit": 0
    },
    "919425473765@s.whatsapp.net": {
      "serialNumber": "3a7c260767ae46c8cee8d896f386b8bd",
      "title": "User",
      "afkTime": -1,
      "badword": 0,
      "afkReason": "",
      "nick": "Aizen",
      "premium": false,
      "limit": 100,
      "totalLimit": 0
    },
    "6282111229731@s.whatsapp.net": {
      "serialNumber": "0e064997744797101b1d1e9d578f8b7d",
      "title": "User",
      "afkTime": -1,
      "badword": 0,
      "afkReason": "",
      "nick": "isalrama⭐",
      "premium": "false",
      "limit": 100,
      "totalLimit": 0
    },
    "6281572629946@s.whatsapp.net": {
      "serialNumber": "3878a854864af9b6378243e84cd41c12",
      "title": "User",
      "afkTime": -1,
      "badword": 0,
      "afkReason": "",
      "nick": "Enpikanoo",
      "premium": false,
      "limit": 100,
      "totalLimit": 0
    },
    "917593010965@s.whatsapp.net": {
      "serialNumber": "ad5e593cbedb3b44488486a0ed8ef4cf",
      "title": "User",
      "afkTime": -1,
      "badword": 0,
      "afkReason": "",
      "nick": "𓄂𝙅𝞗𝞑𝞘𝞜᭄",
      "premium": false,
      "limit": 100,
      "totalLimit": 0
    },
    "62838329670297@s.whatsapp.net": {
      "serialNumber": "47f409f69fb1ace76cf00c2324b71de4",
      "title": "User",
      "afkTime": -1,
      "badword": 0,
      "afkReason": "",
      "nick": "Q-BOT",
      "premium": "false",
      "limit": 100,
      "totalLimit": 0
    },
    "212712570286@s.whatsapp.net": {
      "serialNumber": "a8fc5b2fb39d148d09230032d1f8730b",
      "title": "User",
      "afkTime": -1,
      "badword": 0,
      "afkReason": "",
      "nick": "Hakimi",
      "premium": "false",
      "limit": 100,
      "totalLimit": 0
    },
    "62895329350352@s.whatsapp.net": {
      "serialNumber": "70410117895d04142adb95db90d460ee",
      "title": "User",
      "afkTime": -1,
      "badword": 0,
      "afkReason": "",
      "nick": "Renz Store",
      "premium": false,
      "limit": 100,
      "totalLimit": 0
    },
    "6282310658405@s.whatsapp.net": {
      "serialNumber": "599e062443d126292e3071b7d56e653c",
      "title": "User",
      "afkTime": -1,
      "badword": 0,
      "afkReason": "",
      "nick": "Bukan Siapa'",
      "premium": false,
      "limit": 100,
      "totalLimit": 0
    },
    "923136482830@s.whatsapp.net": {
      "serialNumber": "6e6db1c9e5b064a8bf42475f57b75861",
      "title": "User",
      "afkTime": -1,
      "badword": 0,
      "afkReason": "",
      "nick": "Ayan Imran",
      "premium": false,
      "limit": 100,
      "totalLimit": 0
    },
    "6285732995236@s.whatsapp.net": {
      "serialNumber": "2b8873185963d2fbf4132c0d1555f28c",
      "title": "User",
      "afkTime": -1,
      "badword": 0,
      "afkReason": "",
      "nick": "Rara",
      "premium": "false",
      "limit": 100,
      "totalLimit": 0
    },
    "595976154279@s.whatsapp.net": {
      "serialNumber": "0c34bc6b48fe9314dc1358d147b4c6c0",
      "title": "User",
      "afkTime": -1,
      "badword": 0,
      "afkReason": "",
      "nick": "Shika",
      "premium": "false",
      "limit": 100,
      "totalLimit": 0
    },
    "923112345043@s.whatsapp.net": {
      "serialNumber": "f9107246df6c0e949c8329bb718929e8",
      "title": "User",
      "afkTime": -1,
      "badword": 0,
      "afkReason": "",
      "nick": "⏤͟͟͞➣⃟⃟🍒𝚫𝐘𝚫𝚭~ ⃟⃟⃟⃟<♥️",
      "premium": false,
      "limit": 100,
      "totalLimit": 0
    },
    "923030593223@s.whatsapp.net": {
      "serialNumber": "47a8d863ca23ba7a55a4f69d4e0bef1d",
      "title": "User",
      "afkTime": -1,
      "badword": 0,
      "afkReason": "",
      "nick": "Abu Omar",
      "premium": false,
      "limit": 100,
      "totalLimit": 0
    },
    "258878721843@s.whatsapp.net": {
      "serialNumber": "18cd632b77f16c944646713d222c55eb",
      "title": "User",
      "afkTime": -1,
      "badword": 0,
      "afkReason": "",
      "nick": "𝐈𝐕𝐀𝐍𝐈_𝐬𝐮𝐛⃟🎌",
      "premium": false,
      "limit": 100,
      "totalLimit": 0
    },
    "50934767877@s.whatsapp.net": {
      "serialNumber": "efa5840b25480229ae36ef6389acdbce",
      "title": "User",
      "afkTime": -1,
      "badword": 0,
      "afkReason": "",
      "nick": "Bot",
      "premium": false,
      "limit": 100,
      "totalLimit": 0
    },
    "6282373757366@s.whatsapp.net": {
      "serialNumber": "abc77939655f490df00bf53eff14e649",
      "title": "User",
      "afkTime": -1,
      "badword": 0,
      "afkReason": "",
      "nick": "Japran pedia.com",
      "premium": false,
      "limit": 100,
      "totalLimit": 0
    },
    "6285729874605@s.whatsapp.net": {
      "serialNumber": "d845e3ec18db587cad0a540134e347bc",
      "title": "User",
      "afkTime": -1,
      "badword": 0,
      "afkReason": "",
      "nick": "Nikk",
      "premium": false,
      "limit": 100,
      "totalLimit": 0
    },
    "6281809816181@s.whatsapp.net": {
      "serialNumber": "fbe8e5afd69a406cea14d6197c53e989",
      "title": "User",
      "afkTime": -1,
      "badword": 0,
      "afkReason": "",
      "nick": "Ssh",
      "premium": false,
      "limit": 100,
      "totalLimit": 0
    },
    "6285601058195@s.whatsapp.net": {
      "serialNumber": "6350a55f6d8264251a5d2a57c5b7d795",
      "title": "User",
      "afkTime": -1,
      "badword": 0,
      "afkReason": "",
      "nick": "▄█▀█●",
      "premium": "false",
      "limit": 100,
      "totalLimit": 0
    },
    "6282145439880@s.whatsapp.net": {
      "serialNumber": "c984014c0e2d9282e2232772fde953f8",
      "title": "User",
      "afkTime": -1,
      "badword": 0,
      "afkReason": "",
      "nick": "Nataa🧸",
      "premium": false,
      "limit": 100,
      "totalLimit": 0
    },
    "6281262693143@s.whatsapp.net": {
      "serialNumber": "699051ea89f927f064e2020217965a93",
      "title": "User",
      "afkTime": -1,
      "badword": 0,
      "afkReason": "",
      "nick": "Diana Cuteness Overload❤️🥰",
      "premium": false,
      "limit": 100,
      "totalLimit": 0
    },
    "6285384072607@s.whatsapp.net": {
      "serialNumber": "bb6facbed276d94419f038dfe6b2b620",
      "title": "User",
      "afkTime": -1,
      "badword": 0,
      "afkReason": "",
      "nick": "Rahma",
      "premium": "false",
      "limit": 100,
      "totalLimit": 0
    },
    "6282258180561@s.whatsapp.net": {
      "serialNumber": "33516a953836a407cec004dd441b1022",
      "title": "User",
      "afkTime": -1,
      "badword": 0,
      "afkReason": "",
      "nick": "Ichwal",
      "premium": false,
      "limit": 100,
      "totalLimit": 0
    },
    "6285774211726@s.whatsapp.net": {
      "serialNumber": "0932934d0fd9864093583f97b3234e8f",
      "title": "User",
      "afkTime": -1,
      "badword": 0,
      "afkReason": "",
      "nick": "Rem Von Great",
      "premium": false,
      "limit": 100,
      "totalLimit": 0
    },
    "6281295613129@s.whatsapp.net": {
      "serialNumber": "5b1df1806f5e2747e2771d82bd28afa0",
      "title": "User",
      "afkTime": -1,
      "badword": 0,
      "afkReason": "",
      "nick": "Nama Gw Arif Bukan Ucok",
      "premium": false,
      "limit": 100,
      "totalLimit": 0
    },
    "6282180505366@s.whatsapp.net": {
      "serialNumber": "efb2841a5bfbfc68b76ecb2b3b86f4e0",
      "title": "User",
      "afkTime": -1,
      "badword": 0,
      "afkReason": "",
      "nick": "faizz",
      "premium": false,
      "limit": 100,
      "totalLimit": 0
    }
  },
  "database": {},
  "chats": {
    "120363047626537933@g.us": {
      "badword": false,
      "antiforeignnum": false,
      "antibot": false,
      "antiviewonce": false,
      "antivirtex": false,
      "antimedia": false,
      "antiimage": false,
      "antivideo": false,
      "antiaudio": false,
      "antipoll": false,
      "antisticker": false,
      "antilocation": false,
      "antidocument": false,
      "anticontact": false,
      "antilink": false,
      "antilinkgc": false
    },
    "919366316018@s.whatsapp.net": {
      "badword": false,
      "antiforeignnum": false,
      "antibot": false,
      "antiviewonce": false,
      "antivirtex": false,
      "antimedia": false,
      "antiimage": false,
      "antivideo": false,
      "antiaudio": false,
      "antipoll": false,
      "antisticker": false,
      "antilocation": false,
      "antidocument": false,
      "anticontact": false,
      "antilink": false,
      "antilinkgc": false
    },
    "918798308154@s.whatsapp.net": {
      "badword": false,
      "antiforeignnum": false,
      "antibot": false,
      "antiviewonce": false,
      "antivirtex": false,
      "antimedia": false,
      "antiimage": false,
      "antivideo": false,
      "antiaudio": false,
      "antipoll": false,
      "antisticker": false,
      "antilocation": false,
      "antidocument": false,
      "anticontact": false,
      "antilink": false,
      "antilinkgc": false
    },
    "6282278687542@s.whatsapp.net": {
      "badword": false,
      "antiforeignnum": false,
      "antibot": false,
      "antiviewonce": false,
      "antivirtex": false,
      "antimedia": false,
      "antiimage": false,
      "antivideo": false,
      "antiaudio": false,
      "antipoll": false,
      "antisticker": false,
      "antilocation": false,
      "antidocument": false,
      "anticontact": false,
      "antilink": false,
      "antilinkgc": false
    },
    "120363038720618354@g.us": {
      "badword": false,
      "antiforeignnum": false,
      "antibot": false,
      "antiviewonce": false,
      "antivirtex": false,
      "antimedia": false,
      "antiimage": false,
      "antivideo": false,
      "antiaudio": false,
      "antipoll": false,
      "antisticker": false,
      "antilocation": false,
      "antidocument": false,
      "anticontact": false,
      "antilink": false,
      "antilinkgc": false
    },
    "6285789987714@s.whatsapp.net": {
      "badword": false,
      "antiforeignnum": false,
      "antibot": false,
      "antiviewonce": false,
      "antivirtex": false,
      "antimedia": false,
      "antiimage": false,
      "antivideo": false,
      "antiaudio": false,
      "antipoll": false,
      "antisticker": false,
      "antilocation": false,
      "antidocument": false,
      "anticontact": false,
      "antilink": false,
      "antilinkgc": false
    },
    "120363148161790570@g.us": {
      "badword": false,
      "antiforeignnum": false,
      "antibot": false,
      "antiviewonce": false,
      "antivirtex": false,
      "antimedia": false,
      "antiimage": false,
      "antivideo": false,
      "antiaudio": false,
      "antipoll": false,
      "antisticker": false,
      "antilocation": false,
      "antidocument": false,
      "anticontact": false,
      "antilink": false,
      "antilinkgc": false
    },
    "120363184771337084@g.us": {
      "badword": false,
      "antiforeignnum": false,
      "antibot": false,
      "antiviewonce": false,
      "antivirtex": false,
      "antimedia": false,
      "antiimage": false,
      "antivideo": false,
      "antiaudio": false,
      "antipoll": false,
      "antisticker": false,
      "antilocation": false,
      "antidocument": false,
      "anticontact": false,
      "antilink": false,
      "antilinkgc": false
    },
    "120363201492861449@g.us": {
      "badword": false,
      "antiforeignnum": false,
      "antibot": false,
      "antiviewonce": false,
      "antivirtex": false,
      "antimedia": false,
      "antiimage": false,
      "antivideo": false,
      "antiaudio": false,
      "antipoll": false,
      "antisticker": false,
      "antilocation": false,
      "antidocument": false,
      "anticontact": false,
      "antilink": false,
      "antilinkgc": false
    },
    "6285896150336@s.whatsapp.net": {
      "badword": false,
      "antiforeignnum": false,
      "antibot": false,
      "antiviewonce": false,
      "antivirtex": false,
      "antimedia": false,
      "antiimage": false,
      "antivideo": false,
      "antiaudio": false,
      "antipoll": false,
      "antisticker": false,
      "antilocation": false,
      "antidocument": false,
      "anticontact": false,
      "antilink": false,
      "antilinkgc": false
    },
    "120363223700293211@g.us": {
      "badword": false,
      "antiforeignnum": false,
      "antibot": false,
      "antiviewonce": false,
      "antivirtex": false,
      "antimedia": false,
      "antiimage": false,
      "antivideo": false,
      "antiaudio": false,
      "antipoll": false,
      "antisticker": false,
      "antilocation": false,
      "antidocument": false,
      "anticontact": false,
      "antilink": false,
      "antilinkgc": false
    },
    "6289665756367-1598771232@g.us": {
      "badword": false,
      "antiforeignnum": false,
      "antibot": false,
      "antiviewonce": false,
      "antivirtex": false,
      "antimedia": false,
      "antiimage": false,
      "antivideo": false,
      "antiaudio": false,
      "antipoll": false,
      "antisticker": false,
      "antilocation": false,
      "antidocument": false,
      "anticontact": false,
      "antilink": false,
      "antilinkgc": false
    },
    "120363146113564161@g.us": {
      "badword": false,
      "antiforeignnum": false,
      "antibot": false,
      "antiviewonce": false,
      "antivirtex": false,
      "antimedia": false,
      "antiimage": false,
      "antivideo": false,
      "antiaudio": false,
      "antipoll": false,
      "antisticker": false,
      "antilocation": false,
      "antidocument": false,
      "anticontact": false,
      "antilink": false,
      "antilinkgc": false
    },
    "6285795084389@s.whatsapp.net": {
      "badword": false,
      "antiforeignnum": false,
      "antibot": false,
      "antiviewonce": false,
      "antivirtex": false,
      "antimedia": false,
      "antiimage": false,
      "antivideo": false,
      "antiaudio": false,
      "antipoll": false,
      "antisticker": false,
      "antilocation": false,
      "antidocument": false,
      "anticontact": false,
      "antilink": false,
      "antilinkgc": false
    },
    "6281261176315@s.whatsapp.net": {
      "badword": false,
      "antiforeignnum": false,
      "antibot": false,
      "antiviewonce": false,
      "antivirtex": false,
      "antimedia": false,
      "antiimage": false,
      "antivideo": false,
      "antiaudio": false,
      "antipoll": false,
      "antisticker": false,
      "antilocation": false,
      "antidocument": false,
      "anticontact": false,
      "antilink": false,
      "antilinkgc": false
    },
    "62895422868794@s.whatsapp.net": {
      "badword": false,
      "antiforeignnum": false,
      "antibot": false,
      "antiviewonce": false,
      "antivirtex": false,
      "antimedia": false,
      "antiimage": false,
      "antivideo": false,
      "antiaudio": false,
      "antipoll": false,
      "antisticker": false,
      "antilocation": false,
      "antidocument": false,
      "anticontact": false,
      "antilink": false,
      "antilinkgc": false
    },
    "6289501380936@s.whatsapp.net": {
      "badword": false,
      "antiforeignnum": false,
      "antibot": false,
      "antiviewonce": false,
      "antivirtex": false,
      "antimedia": false,
      "antiimage": false,
      "antivideo": false,
      "antiaudio": false,
      "antipoll": false,
      "antisticker": false,
      "antilocation": false,
      "antidocument": false,
      "anticontact": false,
      "antilink": false,
      "antilinkgc": false
    },
    "6283140312668@s.whatsapp.net": {
      "badword": false,
      "antiforeignnum": false,
      "antibot": false,
      "antiviewonce": false,
      "antivirtex": false,
      "antimedia": false,
      "antiimage": false,
      "antivideo": false,
      "antiaudio": false,
      "antipoll": false,
      "antisticker": false,
      "antilocation": false,
      "antidocument": false,
      "anticontact": false,
      "antilink": false,
      "antilinkgc": false
    },
    "6283841943145@s.whatsapp.net": {
      "badword": false,
      "antiforeignnum": false,
      "antibot": false,
      "antiviewonce": false,
      "antivirtex": false,
      "antimedia": false,
      "antiimage": false,
      "antivideo": false,
      "antiaudio": false,
      "antipoll": false,
      "antisticker": false,
      "antilocation": false,
      "antidocument": false,
      "anticontact": false,
      "antilink": false,
      "antilinkgc": false
    },
    "628989208464@s.whatsapp.net": {
      "badword": false,
      "antiforeignnum": false,
      "antibot": false,
      "antiviewonce": false,
      "antivirtex": false,
      "antimedia": false,
      "antiimage": false,
      "antivideo": false,
      "antiaudio": false,
      "antipoll": false,
      "antisticker": false,
      "antilocation": false,
      "antidocument": false,
      "anticontact": false,
      "antilink": false,
      "antilinkgc": false
    },
    "6283833578694@s.whatsapp.net": {
      "badword": false,
      "antiforeignnum": false,
      "antibot": false,
      "antiviewonce": false,
      "antivirtex": false,
      "antimedia": false,
      "antiimage": false,
      "antivideo": false,
      "antiaudio": false,
      "antipoll": false,
      "antisticker": false,
      "antilocation": false,
      "antidocument": false,
      "anticontact": false,
      "antilink": false,
      "antilinkgc": false
    },
    "6287791961657@s.whatsapp.net": {
      "badword": false,
      "antiforeignnum": false,
      "antibot": false,
      "antiviewonce": false,
      "antivirtex": false,
      "antimedia": false,
      "antiimage": false,
      "antivideo": false,
      "antiaudio": false,
      "antipoll": false,
      "antisticker": false,
      "antilocation": false,
      "antidocument": false,
      "anticontact": false,
      "antilink": false,
      "antilinkgc": false
    },
    "6281283519988@s.whatsapp.net": {
      "badword": false,
      "antiforeignnum": false,
      "antibot": false,
      "antiviewonce": false,
      "antivirtex": false,
      "antimedia": false,
      "antiimage": false,
      "antivideo": false,
      "antiaudio": false,
      "antipoll": false,
      "antisticker": false,
      "antilocation": false,
      "antidocument": false,
      "anticontact": false,
      "antilink": false,
      "antilinkgc": false
    },
    "6283164968297@s.whatsapp.net": {
      "badword": false,
      "antiforeignnum": false,
      "antibot": false,
      "antiviewonce": false,
      "antivirtex": false,
      "antimedia": false,
      "antiimage": false,
      "antivideo": false,
      "antiaudio": false,
      "antipoll": false,
      "antisticker": false,
      "antilocation": false,
      "antidocument": false,
      "anticontact": false,
      "antilink": false,
      "antilinkgc": false
    },
    "6283869444940@s.whatsapp.net": {
      "badword": false,
      "antiforeignnum": false,
      "antibot": false,
      "antiviewonce": false,
      "antivirtex": false,
      "antimedia": false,
      "antiimage": false,
      "antivideo": false,
      "antiaudio": false,
      "antipoll": false,
      "antisticker": false,
      "antilocation": false,
      "antidocument": false,
      "anticontact": false,
      "antilink": false,
      "antilinkgc": false
    },
    "6289525769021@s.whatsapp.net": {
      "badword": false,
      "antiforeignnum": false,
      "antibot": false,
      "antiviewonce": false,
      "antivirtex": false,
      "antimedia": false,
      "antiimage": false,
      "antivideo": false,
      "antiaudio": false,
      "antipoll": false,
      "antisticker": false,
      "antilocation": false,
      "antidocument": false,
      "anticontact": false,
      "antilink": false,
      "antilinkgc": false
    },
    "120363191072162406@g.us": {
      "badword": false,
      "antiforeignnum": false,
      "antibot": false,
      "antiviewonce": false,
      "antivirtex": false,
      "antimedia": false,
      "antiimage": false,
      "antivideo": false,
      "antiaudio": false,
      "antipoll": false,
      "antisticker": false,
      "antilocation": false,
      "antidocument": false,
      "anticontact": false,
      "antilink": false,
      "antilinkgc": false
    },
    "6283134720921@s.whatsapp.net": {
      "badword": false,
      "antiforeignnum": false,
      "antibot": false,
      "antiviewonce": false,
      "antivirtex": false,
      "antimedia": false,
      "antiimage": false,
      "antivideo": false,
      "antiaudio": false,
      "antipoll": false,
      "antisticker": false,
      "antilocation": false,
      "antidocument": false,
      "anticontact": false,
      "antilink": false,
      "antilinkgc": false
    },
    "6281272381846@s.whatsapp.net": {
      "badword": false,
      "antiforeignnum": false,
      "antibot": false,
      "antiviewonce": false,
      "antivirtex": false,
      "antimedia": false,
      "antiimage": false,
      "antivideo": false,
      "antiaudio": false,
      "antipoll": false,
      "antisticker": false,
      "antilocation": false,
      "antidocument": false,
      "anticontact": false,
      "antilink": false,
      "antilinkgc": false
    },
    "6285172290182@s.whatsapp.net": {
      "badword": false,
      "antiforeignnum": false,
      "antibot": false,
      "antiviewonce": false,
      "antivirtex": false,
      "antimedia": false,
      "antiimage": false,
      "antivideo": false,
      "antiaudio": false,
      "antipoll": false,
      "antisticker": false,
      "antilocation": false,
      "antidocument": false,
      "anticontact": false,
      "antilink": false,
      "antilinkgc": false
    },
    "120363223458477566@g.us": {
      "badword": false,
      "antiforeignnum": false,
      "antibot": false,
      "antiviewonce": false,
      "antivirtex": false,
      "antimedia": false,
      "antiimage": false,
      "antivideo": false,
      "antiaudio": false,
      "antipoll": false,
      "antisticker": false,
      "antilocation": false,
      "antidocument": false,
      "anticontact": false,
      "antilink": false,
      "antilinkgc": false
    },
    "6285729874605@s.whatsapp.net": {
      "badword": false,
      "antiforeignnum": false,
      "antibot": false,
      "antiviewonce": false,
      "antivirtex": false,
      "antimedia": false,
      "antiimage": false,
      "antivideo": false,
      "antiaudio": false,
      "antipoll": false,
      "antisticker": false,
      "antilocation": false,
      "antidocument": false,
      "anticontact": false,
      "antilink": false,
      "antilinkgc": false
    },
    "6283134606880@s.whatsapp.net": {
      "badword": false,
      "antiforeignnum": false,
      "antibot": false,
      "antiviewonce": false,
      "antivirtex": false,
      "antimedia": false,
      "antiimage": false,
      "antivideo": false,
      "antiaudio": false,
      "antipoll": false,
      "antisticker": false,
      "antilocation": false,
      "antidocument": false,
      "anticontact": false,
      "antilink": false,
      "antilinkgc": false
    },
    "6281280396088@s.whatsapp.net": {
      "badword": false,
      "antiforeignnum": false,
      "antibot": false,
      "antiviewonce": false,
      "antivirtex": false,
      "antimedia": false,
      "antiimage": false,
      "antivideo": false,
      "antiaudio": false,
      "antipoll": false,
      "antisticker": false,
      "antilocation": false,
      "antidocument": false,
      "anticontact": false,
      "antilink": false,
      "antilinkgc": false
    },
    "6281262693143@s.whatsapp.net": {
      "badword": false,
      "antiforeignnum": false,
      "antibot": false,
      "antiviewonce": false,
      "antivirtex": false,
      "antimedia": false,
      "antiimage": false,
      "antivideo": false,
      "antiaudio": false,
      "antipoll": false,
      "antisticker": false,
      "antilocation": false,
      "antidocument": false,
      "anticontact": false,
      "antilink": false,
      "antilinkgc": false
    }
  },
  "game": {
    "math": []
  },
  "settings": {
    "918798308154@s.whatsapp.net": {
      "totalhit": 49,
      "totalError": 0,
      "online": false,
      "autosticker": false,
      "autobio": false,
      "autoread": false,
      "autoblocknum": false,
      "onlyindia": false,
      "onlyindo": false,
      "onlygrub": false,
      "onlypc": false,
      "autorecordtype": false,
      "autorecord": false,
      "autotype": false,
      "watermark": {
        "packname": "Sticker By",
        "author": "🦄드림 가이 Xeon\n\n+916909137213"
      },
      "about": {
        "bot": {
          "nick": "Oke",
          "alias": "Cheems Bot MD V10"
        },
        "owner": {
          "nick": "+91 69091 37213",
          "alias": "916909137213"
        }
      }
    },
    "6282278687542@s.whatsapp.net": {
      "totalhit": 853,
      "totalError": 0,
      "online": false,
      "autosticker": false,
      "autobio": false,
      "autoread": true,
      "autoblocknum": false,
      "onlyindia": false,
      "onlyindo": false,
      "onlygrub": false,
      "onlypc": false,
      "autorecordtype": false,
      "autorecord": false,
      "autotype": false,
      "watermark": {
        "packname": "Stiker dibuat oleh",
        "author": "魔王ᴍᴀᴏᴜЯΛFΛ|ᵇᵒᵗ ᵛ² owner: \n\n+6285789987714"
      },
      "about": {
        "bot": {
          "nick": "+62 822-7868-7542",
          "alias": "魔王ᴍᴀᴏᴜЯΛFΛ|ᵇᵒᵗ ᵛ²"
        },
        "owner": {
          "nick": "maourafa",
          "alias": "6285789987714"
        }
      }
    }
  },
  "sticker": {},
  "others": {
    "vote": []
  }
}