[
   {
      "id": "120363144686827948@g.us",
      "key": "Contoh",
      "response": "tess",
      "isImage": false,
      "image_url": "-"
   },
   {
      "id": "120363144686827948@g.us",
      "key": "ramex",
      "response": "apacova",
      "isImage": false,
      "image_url": "-"
   },
   {
      "id": "120363160127274606@g.us",
      "key": "Epep",
      "response": "pppp",
      "isImage": false,
      "image_url": "-"
   },
   {
      "id": "120363160127274606@g.us",
      "key": "Twss",
      "response": "apa",
      "isImage": false,
      "image_url": "-"
   }
]