[
   {
      "id": "120363060370439109@g.us",
      "text": "Hii @user welcome di group @group jangan lupa baca desk"
   },
   {
      "id": "120363043048195077@g.us",
      "text": "ꯁ֪֫ ⃞⃘ִׂ🎀💬‌ׁ𝆭 ꫶ּ𝆺𝅥𝝰𝝞𝝞𝗼𝘄 @user 𝘄𝗲𝝞𝙘𝗼𝗺𝗲 𝘁𝗼 𝗴𝙘 𝝞𝝰𝗻𝗴𝗴𝝰𝗻𝝰𝗻 𝗯𝘆 𝙘𝘆𝝰 ᨦֺ︩︪ᨴ\n*ִֶָ࣪ ִ ۫ ִֶָ ᮫ ׂ ۪ ִֶָ ׁ ּ ֗ ִ ۫ ִֶָ ִ ۪ ࣪ ִֶָ ִ ۫ ᮫ ׂ ۪ ִֶָ ׁ ּ ֗ ִ ۫ ִֶָ ִ*\nᦊᤪ🎀᩠᪴˒ 𝝰𝗱𝗺𝗶𝗻 𝗺𝗲𝗻𝗴𝝰𝗱𝝰𝗸𝝰𝗻 𝗳𝘁 :\nᦊᤪ🎀᩠᪴ 𝗳𝘁 𝙨𝗼𝝞𝗼 𝝞𝗱𝙨 : 500𝗽 - 2𝗸\nᦊᤪ🎀᩠᪴ 𝗳𝘁 𝗱𝘂𝗱𝗶𝙨 /𝗱𝘂𝗯𝘂𝙘 : 500𝗽 - 5𝗸\nᦊᤪ🎀᩠᪴ 𝗳𝘁 𝙨𝗾𝘁 𝝞𝗱𝙨 / 𝗯𝗯𝙨 : 500𝗽 - 5𝗸\n. ꫶֗ 𖥦 ׂׅ——— ꫶֗ ୨ 🎀 ୧ ꫶֗ ———ׂׅ\nᦊᤪ🎀᩠᪴ 𝗳𝘁 𝙘𝙨 𝙨𝗼𝝞𝗼 𝝞𝗱𝙨 : 500𝗽 -3𝗸\nᦊᤪ🎀᩠᪴ 𝗳𝘁 𝙘𝙨 𝗱𝘂𝗱𝗶𝙨/ 𝗱𝘂𝗯𝘂𝙘 : 1𝗸 - 5𝗸\nᦊᤪ🎀᩠᪴ 𝗳𝘁 𝙘𝙨 𝙨𝗾𝘁 𝝞𝗱𝙨 / 𝗯𝗯𝙨 : 1𝗸 - 5𝗸\n*˓  ִ۟🌥️👼🏻̸̱ ˖ ׁ۪𝗮𝗱𝗺𝗶𝗻 𝘂𝘁𝗮𝗺𝗮 :*\nhttp://wa.me/6285945532784?text=ka+cya+dftr+ft+dong\n*ִֶָ࣪ ִ ۫ ִֶָ ᮫ ׂ ۪ ִֶָ ׁ ּ ֗ ִ ۫ ִֶָ ִ ۪ ࣪ ִֶָ ִ ۫ ᮫ ׂ ۪ ִֶָ ׁ ּ ֗ ִ ۫ ִֶָ ִ*\nᚚֵׄ ⚠️̸̼ ׂ․ 𝗻𝗼𝘁𝗲\nᚚֵׄ ⚠️̸̼ ׂ․ ּ𝗱𝝰𝗳𝘁𝝰𝗿 𝘆𝝰𝗻𝗴 𝙨𝗼𝗽𝝰𝗻 𝘆𝝰 𝗸𝝰𝗸\nᚚֵׄ ⚠️̸̼ ׂ․ ּ𝗼𝗽𝗻 𝘁𝗶𝝰𝗽 𝗵𝗿𝗶 𝗷𝗶𝗸𝝰 𝘁𝗱𝗸 𝝰𝗱 𝗸𝗻𝗱𝝰𝝞𝝰 !!\nᚚֵׄ ⚠️̸̼ ׂ․ ּ𝗽𝗵𝗽,𝗯𝘂𝗸𝘁𝗶 𝘁𝗳 𝗽𝝰𝝞𝙨𝘂,𝗿𝗶𝗽 = 𝗯𝝞𝗼𝗸!!!\nᚚֵׄ ⚠️̸̼ ׂ․ ּ𝗻𝗼 𝙘𝘂𝝞𝗶𝗸 𝗯𝘂𝘆𝗲𝗿 𝗱𝗲𝗻𝗱𝝰 + 𝝼𝗶𝗿𝝰𝝞 ꫶֗"
   },
   {
      "id": "120363028514740600@g.us",
      "text": "*ᕱ ⑅ ᕱ*\n*૮₍ ˃ • ˂ ₎ა 𝐀𝗻ׁ̯𝗻𝘆𐐫ׅ͠𝗻𝗴* @user *𝘄ׅ𝝴𝝞𝙘፝֟͢𐐫𝗺ׁ𝝴 𝘁𐐫 🎀̸̷͋ ་ ⸼ 𝕯͜𝗶⃪𝗻ׁ⃯𝗱࣭͡𝝰 𝘀ׁ𝘁࣭𖦹̷︩︪𝗿⃡𝝴 𝗵ׅ𐐫ั𝗽ׁ𝝴 𝘆ׁ𐐫ׅ͠𝘂 𐐼⃗𝗿ׅ𝝴 𝗰ׁ𐐫֟፝𝗺𝗳ׅ𐐫⃗𝗿𝘁𐐼︩︪𝗯𝗹𝝴̯💟🧖🏻‍♀️*\n*┈ 𝅃 𖡻ׄ𝂅┈ׅ┉ֹ┈ 𖦹 ᮫ ֪ ֹ⊱ׅ⊱ֹ 🥛 ֹ⊰ׅ⊰ֹ ֪ ᮫ 𖦹 ֹ┈ׅ┉ֹ┈ 𖡻ׄ𝂅 𝅃 ┈*\n*𖦹֪ ᮫๋ 🎀̸̷⸼𝆭 𝆺𝅥࣪ 𝗰⃗𐐫ׅ𝗻𝘁𐐼ׁ̯𝗰𝘁 𐐫ׅ𝘄︩︪֟፝𝗻𝝴ׁ𝗿 𝕯ׅ𝗶𝗻̯֟𝗱ׅ𐐼*\n• wa.me/6285264177691\n*¡あ⋆ 💬 ໋֢⊹➤ 𝗷𝗽𝗺 & 𝗷𝙨𝗵𝗿 , 𝗷𝝰𝙨𝝰 𝗽𝘂𝙨𝗵 𝗻𝗼𝗸𝗼𝙨 , 𝗯𝘂𝗸𝝰 𝘄𝝰 𝗸𝗲 𝗯𝝞𝗼𝗸 , 𝗷𝝰𝙨𝝰 𝗲𝗱𝗶𝘁 𝝼𝗶𝗱𝗲𝗼 , 𝗷𝗼𝗸𝘁𝘂 , 𝘁𝗼𝗽 𝘂𝗽 𝝰𝝞𝝞 𝗴𝝰𝗺𝗲 , 𝗸𝗲𝗯𝙨𝗼𝙨 , 𝗽𝘂𝝞𝙨𝝰 , 𝘁𝗼𝗸𝗲𝗻 𝝞𝗶𝙨𝘁𝗿𝗶𝗸 , 𝗱𝝞𝝞*\n*࣪ ִ ۫ ּ ֗ ִ ۪ ⊹ ˑ ִ ֗ ִ ۫ ࣪ ִ ۫ ּ࣪ ִ ۫ ּ ֗ ִ*\n*𖦹֪ ᮫๋ 🎀̸̷⸼𝆭 𝆺𝅥࣪ 𝗰⃗𐐫ׅ𝗻𝘁𐐼ׁ̯𝗰𝘁 𐐫ׅ𝘄︩︪֟፝𝗻𝝴ׁ𝗿 𝕬𝝞ׅ𝘁𝗵𝝴ׅ፝֟𐐼*\n• wa.me/6285825106149\n*¡あ⋆ 💬 ໋֢⊹➤ 𝝰𝝞𝝞 𝗽𝝞𝗽 & 𝝰𝝞𝝞 𝘁𝘂𝘁𝗼𝗿*\n*ꔫ 𝅄 🪷 ˚ 𝗽𝝰𝘆𝗺𝗲𝗻𝘁 : 𝗴𝗼𝗽𝝰𝘆 - 𝗱𝝰𝗻𝝰 - 𝝰𝝞𝝞 𝗽𝝰𝘆*\n*𝆹 ۫ ۪ 𔔡 ۫ 𝆹𝅥 ۪ 𝆹 𓊔۪۪۪𓌒۪۪۪𓊔 𝆹 ۪ 𝆹𝅥 ۫ 𔔡 ۪ ۫ 𝆹*\n*⊹ ࣪ 🪧̸̷̵ ࣪  ׁ۪͓᥀ 🅝ֹ𐐫ִ︩︪𝘁𝝴ׄ 𝗳۪𐐫ׁ𝗿 𝘂 !*\n*🚥 𝗻𝗼 𝙘𝗼𝗽𝘆 𝝞𝗶𝙨𝘁 𝝰𝗽𝝰𝗽𝘂𝗻 𝗱𝗶 𝗴𝙘 𝗶𝗻𝗶 , 𝗷𝗴𝗻 𝙘𝘂𝝞𝗶𝗸 𝗯𝘂𝘆𝗲𝗿 𝘆𝝰 𝗳𝗿𝗲𝝰𝗸 , 𝗵𝝰𝗽𝗽𝘆 𝙨𝗵𝗼𝗽𝗽𝗶𝗻𝗴 𝝰𝝞𝝞 ୨୧*"
   },
   {
      "id": "120363042847927354@g.us",
      "text": "*⿴⃟‌᷼᎒⃟🪷𐐼ׂ𝝞̱𝝞ׅ֡𝗼ׂ֪𝘄̫ @⁨user 𝗻ׂ̱𝝴͜𝘄ׅ͠𝘄 𝗯ׂ𝘂︪︩𝘆ׅ̈́𝘆⃯𝝴ׂ𝗿 𝘄ׂ𝝴̫𝝞ׅ𝗰︡︠𝗼ׂ͜ꭑׅ̄𝝴 𝗽ׂ࡚𝘂ׅ𝗽ׂ֟֟͠𝗽ׂ֢𝘆 𝘀ׂ𝘁︩︪𝗼ׅ̈́𝗿ׂ࡚𝝴 ૮₍ ⊹ >﹏< ⊹ ₎ა 𖥔ׁ*\n*ᨦ ִ ּ ִ ֺ ⟳ ۪ ֺ ⊱⊰ ִ ☼ֺ ִ ּ ♪ ִ ֿ ִ ֺ ྌ ̤ ּᨦ ִ ּ ִ ֺ⊱⊰ ۪ ֺ*\n*░⃝๋̤‍̷̸͜͠🧚🏻‍♀️ᚚ๋ׅ 𝗼ׂׅ𝘄̟͜͠𝗻 ::*\nhttp://wa.me/6283833104820\nhttp://wa.me/6285723179241\n*(𝘀ׂ𝗲ׅ𝗹𝗮ׂ𝗶ׅ𝗻 𝗶ׂ𝘁ׅ𝘂 𝗯ׂ𝗼̷̸ׅ𝘁)*\n*ᨦ ִ ּ ִ ֺ ⟳ ۪ ֺ ⊱⊰ ִ ☼ֺ ִ ּ ♪ ִ ֿ ִ ֺ ྌ ̤ ּᨦ ִ ּ ִ ֺ⊱⊰ ۪ ֺ*\n*🍓꙰ཻ໒ 𐐼𝝞𝝞 ꭑ𝝴𝗻𝘂 𝗽𝘂𝗽𝗽𝘆 𝘀𝘁𝗼𝗿𝝴 ::*\n*🐾𝗝𝗽ꭑ - 𐐼𝝞𝝞 𝗻𝗼𝗸𝗼𝘀 - 𝗷𐐼𝘀𐐼 𝗽𝘂𝘀𝘁 𝗻𝗼𝗸𝘁𝝴𝝞/𝗻𝗼𝗸𝘄𐐼 - 𐐼𝝞𝝞 𝘁𝘂𝘁𝗼𝗿 - 𐐼𝝞𝝞 𝗽𝝞𝗽 - 𝗱𝝴𝘀𝗶𝗴𝗻 - 𝘀𝘆ꭑ𝗯𝗼𝝞𝘀 𐐼𝝴𝘀 - 𝗷𝗼𝗸𝗶 𝘁𝘂𝝞𝗶𝘀 - 𝗰𝘃/𝗷𐐼𝘀𝗽𝗶𝗻 - 𝝞𝗶𝗻𝗸 𝝞𝗽ꭑ 𝘄𐐼/𝘁𝝴𝝞𝝴 - 𐐼𝝞𝝞 𐐼𝗽𝗸 ꭑ𝗼𝗱 - 𐐼𝝞𝝞 𐐼𝗽𝗸 𝗽𝗿𝝴ꭑ - 𝗱𝝞𝝞ⴰⴰⴰ*\n*▭ׂ▬ׅ  ָ࣪☆̸ׄ ▭ׂ▬ׅ  ָ࣪ ⸦♡⃘♡⃘♡⃘  ָ࣪ ▭ׂ▬ׅ  ָ࣪ ☆̸ׄ ▭ׂ▬ׅ  ָ࣪ ۪۪۪*\n*⥧ ⃝ᰶ֢𝅭🚧̷̶𝅼 ๋𝃯 𝕬𝘁𝘁͢𝗲͠𝗻͜𝘁𝗶𝗼ׅ͞𝗻͘ ::*\n*𝗻ׂׅ𝗼 𝗰ׂ𝗼ׅ𝗽ׅ𝗽ׂ𝘆 𐐼ׂ𝗽ׅ𐐼𝗽ׂ𝘂ׅ𝗻 - 𝗻ׂׅ𝗼 𝗰ׂ𝘂ׅ𝝞𝗶ׂ𝗸 𝗯ׂ𝘂𝘆ׅ𝘆𝝴ׂ𝗿 𝗸ׂ𝝴𝗿ׅ𝝴 𐐼ׂꭑׅ𐐼𝘁 𝝞ׂׅ𝘂 - 𝝞ׂ𐐼𝗻ׂׅ𝗴𝗴ׂ𐐼ׅ𝗿? 𝗱ׂ𝝴𝗻ׅ𝗱ׂ𐐼 𝟮ׂ𝝤ׅ𝗸*"
   },
   {
      "id": "120363029163791262@g.us",
      "text": "(っ◔◡◔)っ 𝙼𝚘𝚜𝚑𝚒 𝚖𝚘𝚜𝚑𝚒 @user ♡̷̷ \n\n𖢷┋🎠 ⋆ 𝐎𝐰𝐧 𝕽𝖎𝖓𝐊𝖑𝖔𝖐 𝐒𝖙𝖔𝖗𝖊 \n┗─̇͜͜─➤ wa.me/+62895322937000"
   },
   {
      "id": "6289651532200-1609333772@g.us",
      "text": "*ᕱ ۫˓💟 ּ 𖠗𝗵𝝰𝘆𝘆 𝗸𝝰𝗸 𝘄𝗲𝗹𝗰𝗼𝗺𝗲 𝘁𝗼 ៵🦢𝐒𝐃𝐉 𝐆𝐀𝐌𝐈𝐍𝐆𝐒 𝘀𝗍᥆𝗿ᥱ'— 𖥻 ‌*\n*𝗯𝗲𝘁𝝰𝗵 𝗯𝗲𝘁𝝰𝗵 𝘆𝘆𝝰𝘄 𝗱𝗶 𝘀𝗶𝗻𝗶* @user\n֗ 🚧 ۟ ׅ ˑ ִ ֗ 📲 ۟ ׅ ˑ ִ ֗ 🚧 ۟ ׅ ˑ ִ ֗ 📲 ۟ ׅ ˑ ִ ֗ 🚧 ۟ ׅ ˑ \n*▭ ׂ֢ ▬ ۪݊ ▭ ׂ֢ ▬ ۪݊ ▭ ׂ֢ ▬ ۪݊ ▭ ׂ֢ ▬ ۪݊ ▭ ׂ֢ ▬ ۪݊ ▭ ׂ֢* \n\n*໋ׅ𝆺𝅥ׄ 📝𖤘۪۫ׄ͢𝗼𝘄𝗻𝗲𝗿 :http://wa.me/62857329709470*\n*໋ׅ𝆺𝅥ׄ 📝 UNTUK MELIHAT MENU ➪ http://wa.me/62857329709470?text=.all+menu+cp*\n ▀▄▀▄▀▄▀▄▀▄▀▄▀▄▀▄▀▄▀\n\n*░⃞‌ׇ🎁˖Μеი𝗎 1* ⤸₊˚ !\n金ˑ ּNоktеI - noko᥉ - იоkоs ɑII ɑpk - jᥲ᥉ᥲ ᥉hᥲrᥱ - jρm ̨- jᥲ᥉ᥲ dᥱ᥉ιgn - hιtung poιnt - noko᥉ 𝗂𝗌𝗂 𝗀𝗋𝗈𝗎𝗉 ̨- ᥲll whᥲt᥉ᥲρρ - ρu᥉h 𝖽𝗍 - jᥲ᥉ᥲ 𝗅𝗂𝗏𝖾 𝗒t - jᥲ᥉ᥲ 𝗌𝗁𝖺𝗋𝖾 𝖿𝗎𝗅𝗅𝗌𝗅𝗈𝗍 - jebol 𝗐𝖺 𝗄𝖾𝖻𝗅𝗈𝗄\n\n*░⃞‌ׇ🎀˖Μеი𝗎 2 ⤸₊˚ !金ˑ*\nTоp 𝗎p ɑII 𝗀ɑოе - ɑII t𝗎tо𝗋 - еⅾіt ϳϳ - p𝗎Isɑ k𝗎оtɑ - ɑpk p𝗋еო - ɑpk ოоⅾ - 𝗄𝖾ᑲ𝗌ⱺ𝗌 𝗂𝗀 - 𝗄𝖾ᑲ𝗌ⱺ𝗌 𝗍𝗍 - CV saldo - ⅾII\n\n▀▄▀▄▀▄▀▄▀▄▀▄▀▄▀▄▀▄▀\nIQBALBOTZ © 2022"
   },
   {
      "id": "120363045269641965@g.us",
      "text": "⋆ 🎀 𖥻 ִ ۫ 𝘄𝗲𝗹𝗰𝗼𝗺𝗲 𝘁𝗼 𝗴𝗰 𝗹𝗮𝗻𝗴𝗴𝗮𝗻𝗮𝗻 𝗳𝘁 𝘆𝗶𝗹𝗮\n*╰ִ۫╯‌ּﬞ֪╰ִ۫╯‌ּﬞ֪╰ִ۫╯‌ּﬞ֪╰ִ۫╯‌ּﬞ֪╰ִ۫╯‌ּﬞ֪╰ִ۫╯‌ּﬞ֪╰ִ۫╯‌ּﬞ֪╰ִ۫╯‌ּﬞ֪╰ִ۫╯‌ּﬞ֪*\n⸼ׂׅ ⃝ᰮ᮫𝅼 ⃝𝆭💥𝐎ρ𝖾𐓣 𝖿𝗍 𝐒𝗊υαᑯ ᥣαᑯ𝗂𝖾𝗌\n🌻᭡་ ⨳𝐅𝖾𝖾 500ρ 2ꭑ 𝐏𝐏 5𝗄\n🌻᭡་ ⨳𝐅𝖾𝖾 1𝗄 2ꭑ 𝐏𝐏 10𝗄\n🌻᭡་ ⨳𝐅𝖾𝖾 1𝗄 3ꭑ 𝐏𝐏 9𝗄\n⸼ׂׅ ⃝ᰮ᮫𝅼 ⃝𝆭💥𝐎ρ𝖾𐓣 𝖿𝗍 ᑯυⱺ ᥣαᑯ𝗂𝖾𝗌/ᑲυ𝖼𝗂𐓣\n🌻᭡་ ⨳𝐅𝖾𝖾 1𝗄 2ꭑ 𝐏𝐏 22𝗄\n🌻᭡་ ⨳𝐅𝖾𝖾 1𝗄 3ꭑ 𝐏𝐏 20𝗄\n🌻᭡་ ⨳𝐅𝖾𝖾 1,5𝗄 2ꭑ 𝐏𝐏 23𝗄\n⸼ׂׅ ⃝ᰮ᮫𝅼 ⃝𝆭💥𝐎ρ𝖾𐓣 𝖿𝗍 𝖼𝗌 𝗌𝗊 ᥣᑯ𝗌/ᑯυⱺ ᑲυ𝖼𝗂𐓣\n🌻᭡་ ⨳𝐅𝖾𝖾 500ρ 𝐏𝐏 1𝗄 (𝖼𝗋 𝗄υ𐓣𝗂𐓣𝗀)\n🌻᭡་ ⨳𝐅𝖾𝖾 1𝗄 𝐏𝐏 2𝗄 (𝖼𝗋 𝗄υ𐓣𝗂𐓣𝗀)\n🌻᭡་ ⨳𝐅𝖾𝖾 1,5𝗄 𝐏𝐏 3𝗄 (𝖼𝗋 𝗄υ𐓣𝗂𝗀)\n*╰ִ۫╯‌ּﬞ֪╰ִ۫╯‌ּﬞ֪╰ִ۫╯‌ּﬞ֪╰ִ۫╯‌ּﬞ֪╰ִ۫╯‌ּﬞ֪╰ִ۫╯‌ּﬞ֪╰ִ۫╯‌ּﬞ֪╰ִ۫╯‌ּﬞ֪╰ִ۫╯‌ּﬞ֪*\n🎨⃝̤𝆹𝅥𝆺̸𝅥ׄ𝐒𝖾𝗍𝗂αρ 𝗍α𐓣𝗀𝗀αᥣ 9 αᑯα 𝐅𝐌 (𝐁𝐄𝐑𝐒𝐘𝐀𝐑𝐀𝐓)\n🎨⃝̤𝆹𝅥𝆺̸𝅥ׄ𝐊υꭑρυᥣ𝗂𐓣 5 𝖼𝖾𝗋𝗍𝗂 𝖿𝗋𝖾𝖾 1 𝗌ᥣⱺ𝗍"
   },
   {
      "id": "120363039311172878@g.us",
      "text": "𐓷 ׁ ֶָ֢🛁⃝ ׁ ࣭ 𝗵ׄ𝝰𝗹𝗹ׅⱺ, 𝘄ׄ𝝴𝗹𝗰︪ⱺ𝗺ׄ𝝴 𝘁ׅⱺ 𝗻ׅ𝝰֟፝𝗻࡚𝝰 𝘀𝘁ⱺ࡙︢𝗿ׄ𝝴 ࣪⊹ ! \n┌ 🌥️ ׅ 𝗱ⱺׄ𝗻'ׅ𝘁 𝗳ⱺׄ𝗿𝗴𝝴ׅ𝘁 𝘁࡚ⱺ 𝗿ׄ𝝴𝝰ׅ𝗱 𝘁𝗵࡚ׄ𝝴 𝗱𝝴ׄ𝘀𝗰ׅ𝗿𝗶𝗽𝘁࡚𝗶ⱺׄ𝗻 . ˚◞♡\n ﹢ ֹ ⌒ ׅ 💬 ─ֹ۪۪۪۪۪۪۪۪┄ ┄ֹ۪۪۪۪─ ֹ ʕ👼🏻ʔ ֹ ─ֹ۪۪۪۪┄ ┄ֹ۪۪۪۪۪۪۪۪─ 🥛 ׅ ⌒ ֹ ﹢\nꭳ ๋֊🎀̷̶֪ꪲ ׁ 𝅄 ⱺ𝘄𝗻𝝴𝗿 𝗻𝝰𝗻𝝰 𝘀𝘁ⱺ𝗿𝝴 :: \n﹢ ˚ ʚ🦴 [ wa.me/6285606325735 ]\n﹢ ˚ ʚ🦴 [ wa.me/6287876851749 ]\nꭳ ๋֊🫙̷̶֪ꪲ ׁ 𝅄 𝘀𝝴𝗹𝝰𝗶𝗻 𝗶𝘁𝘂 𝗯ⱺ𝘁, 𝗰𝗹ⱺ𝗻𝝴 ⱺ𝗿 𝗽𝝰𝗿𝘁𝗻𝝴𝗿\n ⸦ׁ⸧⸦ׅ𝆭⸧⸦݊⸧⸦‌ׅ⸧⸦ׁ⸧⸦ׅ𝆭⸧⸦݊⸧⸦‌ׅ⸧⸦ׁ⸧⸦ׅ𝆭⸧⸦݊⸧⸦‌ׅ⸧⸦ׁ⸧⸦ׅ𝆭⸧ \nꫢ ᮫࡚ᮁ 🪧̶̷ׄ ֢ 𝗻ׅ֟፝ⱺ𝘁࡚𝝴 𝗳ׅⱺׄ𝗿 𝘂 ୨ ࣪ ⊹ ֶָ \nꈨ 𝆬 ׅ ⃞‌ֿ 🏷️̸̷֪ 𝘀𝝴𝗻𝗱 𝘂𝗹𝗴?𝗯𝘂𝘆 𝘂𝗹𝗴\nꈨ 𝆬 ׅ ⃞‌ֿ 🏷️̸̷֪ ⱺ𝗿𝗱𝝴𝗿 𝘂𝘁𝝰𝗺𝝰𝗸𝝰𝗻 𝘀𝗯𝗿 𝗱𝝰𝗻 𝘀ⱺ𝗽𝝰𝗻.\nꈨ 𝆬 ׅ ⃞‌ֿ 🏷️̸̷֪ 𝗻ⱺ 𝗰ⱺ𝗽𝗽𝘆/ⱺ𝗿 𝗰𝘂𝗹𝗶𝗸 𝗯𝘂𝘆𝘆𝝴𝗿\nꈨ 𝆬 ׅ ⃞‌ֿ 🏷️̸̷֪ 𝝰𝗹𝗹 𝘁𝗿𝘅 𝗻ⱺ 𝗿𝝴𝗳𝗳, 𝗸𝝴𝗰 𝗸𝘀𝗹𝗵𝗻 ⱺ𝘄𝗻"
   },
   {
      "id": "120363032441995629@g.us",
      "text": "*𝕳𝝴𝗹ⱺ 𝖂𝝴𝗹𝗰ⱺ𝗺𝝴 𝕿ⱺ*\n*꒰ ִ 🎀 ۫ 𝕮𝗶ׅ︩︪𝗶ꭑׅׅ⃕𝘆𝘀 𝕾𝘁𐐫⃕͜𝗿𝝴 ᨯ .. ׅ* \n⛆ ⸦֪⸧ׂׅ ݂ٔ 𝆹𝅥 ٬ ٝ ۰ ⛆ ⸦֪⸧ׂׅ ݂ٔ 𝆹𝅥 ٬ ⛆ ⸦֪⸧ׂׅ ݂ٔ 𝆹𝅥 ٬ ٝ \n*۪݊ ▭ ׂ֢ ▬ ۪݊ ▭ ׂ֢ ▬ ۪݊ ▭ ׂ֢ ▬ ۪݊ ▭ ׂ֢ ▬ ۪݊ ▭ ׂ֢ ▬ ۪݊ ▭ ׂ֢*\n*┈ 🙇🏻‍♀️ ׁ֢ ❆ 𝕺𝘄𝗻𝝴𝗿 : 895612102200*\n*╌╌֪╌╌֪╌╌֪╌╌֪╌╌֪╌╌֪╌╌֪╌╌֪╌╌֪╌╌֪╌╌֪*\n*┈ 🙇🏻‍♀️ ׁ֢ ❆ 𝗣𝗮𝘁𝗻𝝴𝗿 𝗹 : 85801018985*\n*⇆𝅃 ׄ 🍣 ۪݁ : 𝗽𝘂𝗹𝘀𝗮 , 𝗸𝘂ⱺ𝘁𝗮 , 𝘁ⱺ𝗽 𝘂𝗽 𝗮𝗹𝗹 𝗴𝗮𝗺𝝴 , 𝝴𝗱𝗶𝘁 𝗹𝗶𝘀𝘁 𝗮𝝴𝘀 , 𝗷𝗽𝗺*\n*╌╌֪╌╌֪╌╌֪╌╌֪╌╌֪╌╌֪╌╌֪╌╌֪╌╌֪╌╌֪╌╌֪*\n*┈ 🙇🏻‍♀️ ׁ֢ ❆ 𝗣𝗮𝘁𝗻𝝴𝗿 𝗹𝗹 : 60137478534*\n*⇆𝅃 ׄ 🍣 ۪݁ : 𝗽𝘂𝘀𝗵 𝗻ⱺ𝗸ⱺ𝘀 , 𝗮𝗹𝗹 𝗽𝗹𝗽 , 𝗰𝘃*\n*╌╌֪╌╌֪╌╌֪╌╌֪╌╌֪╌╌֪╌╌֪╌╌֪╌╌֪╌╌֪╌╌֪*\n*┈ 🙇🏻‍♀️ ׁ֢ ❆ 𝗣𝗮𝘁𝗻𝝴𝗿 𝗹𝗹𝗹 : 816468135586* \n*⇆𝅃 ׄ 🍣 ۪݁ : 𝗖𝗻𝗶𝘁 , 𝗻ⱺ𝗸𝘁𝝴𝗹 , 𝗮𝗽𝗸𝗽𝗿𝝴𝗺 , 𝝴𝗱𝗶𝘁 𝗷𝗷*\n*╌╌֪╌╌֪╌╌֪╌╌֪╌╌֪╌╌֪╌╌֪╌╌֪╌╌֪╌╌֪╌╌֪*\n*┈ 🙇🏻‍♀️ ׁ֢ ❆ 𝗣𝗮𝘁𝗻𝝴𝗿 𝗹V : 83815982893*\n*⇆𝅃 ׄ 🍣 ۪݁ : 𝗮𝗹𝗹 𝗯𝘂𝗴 , 𝗮𝗹𝗹 𝘄𝝴𝗯 , 𝗮𝗹𝗹 𝘁𝘂𝘁ⱺ𝗿*\n*╌╌֪╌╌֪╌╌֪╌╌֪╌╌֪╌╌֪╌╌֪╌╌֪╌╌֪╌╌֪╌╌֪*\n*𝅃 ۪ ֺ⚠️̤⥽ֺ𓈒𝗮𝘁𝘁𝗲𝘁𝗶ⱺ𝗻 :*\n*𝅃 ۪ ֺ⚠️̤⥽ֺ𓈒𝘀𝝴𝗹𝗮𝗶𝗻 𝗯𝗮𝗴𝗶𝗮𝗻 𝗱𝗶 𝗮𝘁𝗮𝘀 𝗰𝗵𝘁 ⱺ𝘄𝗻𝗲𝗿 !*\n*𝅃 ۪ ֺ⚠️̤⥽ֺ𓈒𝘀𝝴𝘁𝗶𝗮𝗽 𝗽𝘁 𝗯𝝴𝗱𝗮 𝗽𝗮𝘆*\n*𝅃 ۪ ֺ⚠️̤⥽ֺ𓈒𝗱𝗶𝗹𝗮𝗿𝗮𝗻𝗴 𝗰𝘂𝗹𝗶𝗸 𝗯𝘂𝘆𝝴𝗿𝗿 ! 𝗸𝝴𝘁𝗮𝗵𝘂𝗮𝗻 𝗱𝝴𝗻𝗱𝗮 2OK*"
   },
   {
      "id": "120363029443774117@g.us",
      "text": "woi lah"
   },
   {
      "id": "120363046565574930@g.us",
      "text": "୨୧︩︪˖ׄ💭𝕳ׁ𐐼ׅ𝗶𝗶 𝗯ׁ𐐼ׅ𝗯𝝴 @user 𝘄ׁ𝝴⃬𝝞𝗰֟𐐫ׅ𝗺𝝴⃬ 𝘁𐐫 @group \n*˒ ֺּ ִ🦷ᩝ̶᮫ ִ֒ 𝕺ֹ𝘄֟𝗻𝝴⃬𝗿 𝗰𝘆𝗮̸͜͡*\n — http://wa.me/+6281527947734\n [ 𝘀ׁ𝗲𝝞𝝰𝗶𝗻 𝗶𝘁𝘂 𝗯𝝾𝘁 𝘆𝝰𝘄 ]\n\nJnlp bca desk 🧸🧺"
   }
]